"conversation_id_str","created_at","favorite_count","full_text","id_str","image_url","in_reply_to_screen_name","lang","location","quote_count","reply_count","retweet_count","tweet_url","user_id_str","username"
"2040684902866411853","2026-04-05T08:04:02.000Z","9","@RRDelusi lah dia yg buat IGRS tpi minta klarifikasi steam","2040701986807673044","","RRDelusi","in","","0","0","0","https://x.com/plumbinq/status/2040701986807673044","705079657","plumbinq"
"2040690288449212716","2026-04-05T07:17:33.000Z","6","18+ is actually the highest rating category for IGRS so idk if you want Rimworld to be put on AO-equivalent rating (which makes it on par with literal porn games (terrible idea)) or just ban the game outright like in Australia","2040690288449212716","","","en","","0","2","0","https://x.com/whimsicalgods/status/2040690288449212716","2532293202","whimsicalgods"
"2040618357347807472","2026-04-05T06:03:18.000Z","42","@grok jelaskan Kebijakan IGRS dalam terms Call of Duty","2040671600908108037","","haritstoteles_","in","","0","2","0","https://x.com/haritstoteles_/status/2040671600908108037","238141960","haritstoteles_"
"2040795217478267130","2026-04-05T14:14:30.000Z","60","Karena saya wartawan saya bertanya

1. Apakah Steam memang memasukkan rating palsu, ini analisa darimana dan kenapa? 
2. Sistem IGRS sendiri kaya apa dan apakah ada campur tangan tim khusus? 
3. Rating resmi seperti apa?

Silahkan anda jawab","2040795217478267130","","","in","","1","1","14","https://x.com/adiyaadiya/status/2040795217478267130","50319714","adiyaadiya"
"2040761570402419079","2026-04-05T12:00:48.000Z","7","Yok kalo mau ngobrol santai soal IGRS di Stream/Voice boleh abis itu kita Delta Force

Link ada di bawah! https://t.co/aP9Q5X1o7z","2040761570402419079","https://pbs.twimg.com/media/HFI9xrWakAAb9M1.jpg","","in","","1","1","0","https://x.com/ezash/status/2040761570402419079","105080250","ezash"
"2040827262686372264","2026-04-05T16:21:50.000Z","94","https://t.co/K76MFf7Muh","2040827262686372264","","","zxx","","0","2","50","https://x.com/RanggaWidigda/status/2040827262686372264","2515431258","RanggaWidigda"
"2040651877126451379","2026-04-05T04:44:55.000Z","401","Diluar semua keributan soal rating IGRS ini tetiba kepikiran...

Jangan sampe Komdigi tau kalo game Monster Hunter adalah game yg literally membunuh hewan dan Pokemon juga game sabung hewan 😭😭😭 https://t.co/LzkhUCTOLA","2040651877126451379","https://pbs.twimg.com/tweet_video_thumb/HFHaEA8bAAAr4fU.jpg","","in","","13","31","68","https://x.com/ezash/status/2040651877126451379","105080250","ezash"
"2040653075904639447","2026-04-05T04:49:41.000Z","495","Stop snitching on visual novels we already have it hard","2040653075904639447","","","en","","3","5","54","https://x.com/whimsicalgods/status/2040653075904639447","2532293202","whimsicalgods"
"2040797720047386923","2026-04-05T14:24:27.000Z","11","Otsu otsu guys, sorry terakhir lowbatt karena baru engeh terakhir makan jam 12 siang wkwkwk 

Nice stream kita ngomel2 dulu sebelum main game https://t.co/gpuIulEuV8","2040797720047386923","https://pbs.twimg.com/media/HFJenlFaMAAIn4N.png","","in","","0","1","2","https://x.com/ezash/status/2040797720047386923","105080250","ezash"
"2040667549701140858","2026-04-05T05:49:52.000Z","34","Rating gim MotoGP 25 dari tiga sistem berbeda

IGRS: Indonesia Game Rating System (18+)
ESRB: Entertainment Software Rating Board (E)
PEGI: Pan European Game Information (PEGI 3) https://t.co/mIBe9VsALo","2040668220391338035","https://pbs.twimg.com/media/HFHoxZVbsAEpy1t.jpg","DP_ADP","in","","7","5","10","https://x.com/DP_ADP/status/2040668220391338035","1062516966","DP_ADP"
"2040727652261417333","2026-04-05T10:26:12.000Z","8","@iPoopBased IGRS stonk to 3+ and make amandement for everyone must play it","2040737763428012177","","iPoopBased","en","","0","0","1","https://x.com/akhyar_22/status/2040737763428012177","3318799742","akhyar_22"
"2040582579938885853","2026-04-05T00:09:36.000Z","21","Untuk Indonesia, sebenarnya CERO yang digunakan di Jepang sudah kurang lebih dekat sejalan dengan nilai-nilai moral kita, terlebih lagi masih sesama Asia. IGRS menimbulkan masalah dengan memperumit penyalur videogame dengan memaksakan aturan baru yang REDUNDAN dengan aturan CERO","2040582591271850440","","R35_AH47","in","","0","3","11","https://x.com/R35_AH47/status/2040582591271850440","209593025","R35_AH47"
"2040675059589865806","2026-04-05T06:17:02.000Z","304","Barusan ngecek F1 25 di Steam, ternyata rating IGRS nya kena 15+

Dahlah, gak ngerti lagi ama nih sistem rating maunya apa. https://t.co/dvXCxvoSZF","2040675059589865806","https://pbs.twimg.com/media/HFHvJnHasAA5akJ.jpg","","in","","7","12","48","https://x.com/LambeResing/status/2040675059589865806","1268958732794261505","LambeResing"
"2040749969448296455","2026-04-05T11:14:42.000Z","472",".....

Kok bisa-bisanya di tengah ngescroll tentang IGRS tiba-tiba lewat foto secantik ini

Apakah memang ini pertanda dari yang di atas untuk mulai berkenalan dengan my kisah","2040749969448296455","","","in","","4","49","24","https://x.com/RanggaWidigda/status/2040749969448296455","2515431258","RanggaWidigda"
"2040856742062669940","2026-04-05T18:18:59.000Z","2","Kalo masih coba"" dan belum final jangan implementasi dulu ke masyarakat, lu kira kita kelinci percobaan?
ngga pse, ngga igrs bodoh semua implementasi program lu. Kaya boomer yang ejakulasi denger kata digitalisasi komdigi ini","2040856742062669940","","","in","","0","0","0","https://x.com/asyi_i/status/2040856742062669940","1382376234152202242","asyi_i"
"2040574647205503335","2026-04-04T23:38:02.000Z","91","This country already had problem with piracy and with this IGRS bullshit its gonna make it even worse.

its a product of narcissist, an attempt of illusion that we somehow ""forward thinking"" but on the practice its an outdated product from a ministry that is always 3 step behind.","2040574647205503335","","","en","","0","1","35","https://x.com/KopsusExtraShot/status/2040574647205503335","964422039606984704","KopsusExtraShot"
"2040821395576574003","2026-04-05T15:58:31.000Z","2","fak, tdi di ig ada bilang indonesia ngaceng 2026 gara2 rate IGRS....","2040821395576574003","","","in","","0","0","0","https://x.com/wandgerer/status/2040821395576574003","1776377269457743872","wandgerer"
"2040775346799440263","2026-04-05T12:55:33.000Z","1","I think igrs stands for indonesia gooners raring system atp....","2040775346799440263","","","en","","0","0","0","https://x.com/reinardstar/status/2040775346799440263","1216053606085840896","reinardstar"
"2040879441149386993","2026-04-05T19:49:11.000Z","2","Steam tinggal lapor ke pak Purbaya, karena rating asal-asalan komdigi membuat kemenkeu sulit dapat pendapatan pajak dari penjualan game di steam.

mampus biar beradu lagi Kemenkeu ama Komdigi utk kesekian kalinya","2040879441149386993","","","in","","0","1","0","https://x.com/vmastratocaster/status/2040879441149386993","1376212304501477387","vmastratocaster"
"2040817160097087525","2026-04-05T15:41:42.000Z","2","Ributnya sekarang KARENA SISTEMNYA BOBROK ga sesuai janji Rudiantara dulu.","2040817160097087525","","","in","","0","0","0","https://x.com/novalkomik/status/2040817160097087525","378958897","novalkomik"
"2040684902866411853","2026-04-05T14:45:10.000Z","0","@RRDelusi itu game2 slot dan judol ada rating IGRS nya juga apa emang udah immune dari rating2an? @kemkomdigi","2040802934683037798","","RRDelusi","in","","0","0","1","https://x.com/thmsky/status/2040802934683037798","248756529","thmsky"
"2040648284075868173","2026-04-05T04:30:38.000Z","5","bruh the butterfly effect after that was hilarious, leading us to this bullshit IGRS🤣🤣🤣","2040648284075868173","","","en","","0","0","1","https://x.com/bigmossad/status/2040648284075868173","970174030744510464","bigmossad"
"2040750083877257706","2026-04-05T11:15:09.000Z","1","IGRS kocak","2040750083877257706","","","in","","0","0","0","https://x.com/farhansein/status/2040750083877257706","1299848531759390720","farhansein"
"2040776973853810753","2026-04-05T13:02:01.000Z","2","IGRS is completely insane.
Lu orang yang ngerating abis make apaan anjg, nyawit pake pestisida?? game full violence 3+?????? https://t.co/Ir6XJuz1Qv","2040776973853810753","https://pbs.twimg.com/media/HFJJ2WAaIAA6uE-.png","","in","","0","1","0","https://x.com/Nymeryion/status/2040776973853810753","1544844246318215168","Nymeryion"
"2040902768106557834","2026-04-05T21:21:52.000Z","2","""Steam telah melakukan rating palsu"".

😂😂😂😂😂

Dari dulu steam ngasih keterangan game dengan jelas, lebih percaya steam lah daripada IGRS ngawur..","2040902768106557834","","","in","","0","0","0","https://x.com/YusrilEka411/status/2040902768106557834","1314936178097885185","YusrilEka411"
"2040724651886924235","2026-04-05T09:34:06.000Z","7565","IGRS

I = apaan
G = dah
R = kocak 
S = lu","2040724651886924235","","","in","","68","141","1801","https://x.com/ArjunaArkana/status/2040724651886924235","1835018805422309376","ArjunaArkana"
"2040739179571912970","2026-04-05T10:31:50.000Z","283","Padahal kalo emang concern Komdigi adalah ""perlindungan konsumen"" di dunia digital, masih banyak isu yang beneran bikin rugi masyarakat dan perlu penanganan seperti transparansi tanggung jawab pengusaha dalam melindungi data pribadi konsumen

Malah sok ide bikin IGRS","2040739179571912970","","","in","","2","9","119","https://x.com/RanggaWidigda/status/2040739179571912970","2515431258","RanggaWidigda"
"2040654078595014956","2026-04-05T04:53:40.000Z","3","assalamualaikum fakta https://t.co/9jrjn7EW5n","2040654078595014956","https://pbs.twimg.com/tweet_video_thumb/HFHcDt8a8AA9CUW.jpg","","in","","0","0","0","https://x.com/ardhanfadh/status/2040654078595014956","58875829","ardhanfadh"
"2040660190954242301","2026-04-05T05:17:57.000Z","17","Ga pernah masuk akal kerjaannya","2040660190954242301","","","in","","0","0","1","https://x.com/amaya_clo/status/2040660190954242301","1380177609875619843","amaya_clo"
"2040504588441469018","2026-04-04T18:59:39.000Z","4408","Harga ram ada kemungkinan turun! Yay gamer pc pada bsa rakit PC kembali utk main game!! 🙌🏻🙌🏻😃😃

IGRS : Hold that thought 🫵🏻","2040504588441469018","","","in","","42","68","931","https://x.com/GemaShowIndo/status/2040504588441469018","383110522","GemaShowIndo"
"2040489338312728778","2026-04-04T17:59:03.000Z","2148","Bayangin game Heartopia aja ratingnya 18+ karena IGRS ini di Steam....

Oh atau mungkin dibaca sama mereka2 ini di *redacted* jadinya Hartopia kali ya

Bener sih, banyak kekerasan dan bisa berkuasa sampe 32 tahun pula. Emang bahaya 🙏🏻 https://t.co/jOdaSCFDhL","2040489338312728778","https://pbs.twimg.com/media/HFFGPIIbwAA7gp0.jpg","","in","","169","40","574","https://x.com/ezash/status/2040489338312728778","105080250","ezash"
"2040733162385645607","2026-04-05T10:58:46.000Z","20","@wordfangs game sexual content dikasih rating IGRS 3+ https://t.co/cAfYhlaGWW","2040745957617516942","https://pbs.twimg.com/media/HFIvnYraAAAjYkj.png","wordfangs","in","","0","1","0","https://x.com/ZAKIR081_/status/2040745957617516942","397020170","ZAKIR081_"
"2040636229893726477","2026-04-05T03:42:45.000Z","7","Game ramah anak kecil dan keluarga saatnya bermain Nukitashi","2040636229893726477","","","in","","0","1","0","https://x.com/daffasf2004/status/2040636229893726477","886139562510045184","daffasf2004"
"2040666428555268487","2026-04-05T05:42:44.000Z","1000","igrs siab untuk mencuri hatimu awww 🥰 https://t.co/scB3XaCJYl","2040666428555268487","https://pbs.twimg.com/media/HFHnGd8aYAA_v_c.png","","in","","12","22","143","https://x.com/rierushindou/status/2040666428555268487","152111475","rierushindou"
"2040692546192744611","2026-04-05T13:45:30.000Z","3","@hupgupta @sugondese6666 Lah ngeprotes kebijakan rating IGRS yang ngaco juga bagian dari wokeisme kocak","2040787920332960198","","hupgupta","in","","0","1","0","https://x.com/KenapaGwWNI/status/2040787920332960198","2311528753","KenapaGwWNI"
"2040685239228653915","2026-04-05T06:57:29.000Z","4534","Si tita ini siapa sih? Sok iye bgt.

Bete banget sama IGRS ini, ajg lah.
 https://t.co/0q605sNMep","2040685239228653915","https://pbs.twimg.com/amplify_video_thumb/2040537746863955968/img/fO4CzScyu5U_1ryQ.jpg","","in","","570","513","1038","https://x.com/iPoopBased/status/2040685239228653915","2022947167829397507","iPoopBased"
"2040782487539081425","2026-04-05T13:23:55.000Z","18","tetap mendengarkan musiksetan walopun IGRS kek kontol","2040782487539081425","","","in","","0","1","4","https://x.com/b0nnysidharta/status/2040782487539081425","1731946221340958720","b0nnysidharta"
"2040437714181640277","2026-04-04T14:33:55.000Z","262","Kayaknya ini IGRS mukul rata game anime/kartun jadi 3+ deh, masa VR Kanojo termasuk 😔

Udah sangat jelas isi tags-nya begitu

https://t.co/b1n1h0DvFI","2040437714181640277","","","in","","26","23","57","https://x.com/AADGPodcast/status/2040437714181640277","1104940826373709824","AADGPodcast"
"2040582728496951770","2026-04-05T00:10:09.000Z","32","just opinion, sebenernya on paper IGRS kayanya do similar approach dengan GSK nya Jerman dan CERO nya Japan. Kaya kemaren Agni pas mau showcase di TGS harus lolos CERO kalo ga batal showcasenya dan awalnya ga lolos karena gore death screennya... padahal udh bayar apply CERO....","2040582728496951770","","","in","","2","2","5","https://x.com/ardhanfadh/status/2040582728496951770","58875829","ardhanfadh"
"2040615304041308656","2026-04-05T02:19:35.000Z","5855","Sebuah kritik terhadap standar klasifikasi IGRS. https://t.co/tmpDtskwAF","2040615304041308656","https://pbs.twimg.com/media/HFG29DobUAAptDs.jpg","","in","","52","29","2364","https://x.com/DirektoriGim/status/2040615304041308656","1789718041904943104","DirektoriGim"
"2040675506505548234","2026-04-05T06:18:49.000Z","141","IGRS goblok","2040675506505548234","","","es","","0","3","7","https://x.com/all_in_alin/status/2040675506505548234","1618633807292424192","all_in_alin"
"2040757110951322044","2026-04-05T23:11:26.000Z","56","@kurawa Malah nyalahin steam. Sebelum lu pada bikin recok. Steam sudah punya rating dan tags mereka sendiri. Lagian IGRS buat apa sih? Kalo bukan buat alat meras?

Rating international kan sudah ada pake itu juga gak masalah. Eh sok asik tapi ngaco.

Dah balik sana gooning game nukitashi https://t.co/KZy0oGxBjN","2040930341108724059","https://pbs.twimg.com/media/HFLXU9Ea0AAJXAC.jpg","kurawa","in","","0","1","18","https://x.com/Official_Yanuar/status/2040930341108724059","154439076","Official_Yanuar"
"2040757110951322044","2026-04-05T23:38:21.000Z","1","@kurawa Yakin steam yg ksh rating palsu? Ini ngomong stam stim tp jgn2 ga pernah menggunakan steam. Tolong lah klo mau regulasi suatu hal, mbok ya dimengerti dulu. Lama2 IGRS ga relevan dan cuman buat habis2in anggaran aja.","2040937116113547284","","kurawa","in","","0","0","0","https://x.com/PaulERS89/status/2040937116113547284","1603730063413096449","PaulERS89"
"2040682287713665118","2026-04-05T06:45:46.000Z","5","jadi kalo game di mark """"not fit for distribution"" sama igrs itu bisa di dl/maenin ga? 

Aku cek LAD pirate yakuza masih bisa di add to cart
aku cek game yg ada di library aku, msh bsia di download....

aku lg download, coba aku buka yah","2040682287713665118","","","in","","1","0","1","https://x.com/tatanooki/status/2040682287713665118","1513458556544028675","tatanooki"
"2040700410026242135","2026-04-05T07:57:46.000Z","248","igrs g nya gajelaspepeq","2040700410026242135","","","in","","0","0","11","https://x.com/badfuckingapple/status/2040700410026242135","1149497496172810241","badfuckingapple"
"2040656823376912493","2026-04-05T05:04:34.000Z","42","IGRS TOLOL","2040656823376912493","","","sl","","0","2","8","https://x.com/viyushiwinko/status/2040656823376912493","1672314001995497472","viyushiwinko"
"2040815266221982140","2026-04-05T15:34:10.000Z","1","Sempat khawatir,
Eh Beneran ngaco kan igrs, 🤣","2040815266221982140","","","in","","0","1","0","https://x.com/EmbyGarvail/status/2040815266221982140","1701606397161730048","EmbyGarvail"
"2040705528792494542","2026-04-05T08:18:07.000Z","2288","Football Manager aman dari IGRS ya? Padahal itu game jualan jiwa ke setan. Berhala.","2040705528792494542","","","in","","29","45","582","https://x.com/6_arung/status/2040705528792494542","1805234582926864384","6_arung"
"2040624632680845784","2026-04-05T02:56:40.000Z","5","Tbh gak support steam juga soalnya makin hari makin kebukti emang steam ini antek rezim entah itu rezim finansial (Visa/Mastercard dan drama delisting) atau rezim politik sampe sekarang. Steam cuma jadi better option karena ease of use dan regional pricing, selebihnya ampas.","2040624632680845784","","","in","","0","1","0","https://x.com/nigripilosum/status/2040624632680845784","1345055321606115328","nigripilosum"
"2040786623236092196","2026-04-05T13:40:21.000Z","625","Fun fact but the bible is 18+ according to the government,,, https://t.co/ZBLTyaC1Wg","2040786623236092196","https://pbs.twimg.com/media/HFJUnmya4AAn-aZ.jpg","","en","","16","8","101","https://x.com/syahdoingstuff/status/2040786623236092196","966033146905952257","syahdoingstuff"
"2040464715718234555","2026-04-04T16:21:12.000Z","22173","""Politik ga ngaruh buat kehidupanku!!!""

IGRS:
""Halo kakak2 gamer, salam 😊😊😊""","2040464715718234555","","","in","","262","141","6438","https://x.com/ezash/status/2040464715718234555","105080250","ezash"
"2040696390159139244","2026-04-05T07:41:48.000Z","12","Soal IGRS itu bukan tentang game aja, tapi emang soal bobroknya pemerintah dalam menyusun dan menjalankan aturan.

Sedihnya, masyarakat awam selalu tidak sadar bahwa kesenangan atau hajat hidupnya sangat mungkin menerima perlakuan yang sama dari pemerintah.","2040696390159139244","","","in","","0","0","3","https://x.com/nahgitudong/status/2040696390159139244","905492400","nahgitudong"
"2040791182540988745","2026-04-05T13:58:28.000Z","39","Got my friends fucked 7-0 using Munchen IGRS start to censored this shit. 😭","2040791182540988745","","","en","","0","0","13","https://x.com/haritstoteles_/status/2040791182540988745","238141960","haritstoteles_"
"2040746277999374407","2026-04-05T11:00:02.000Z","4","Final thing about IGRS, ngeliat  banyak narasi-narasi ""game goty kek begini bisa bisanya diblokir, terus game hentong dibiarin"" FOLKS, isunya bukan game bagus diblokir ya, tapi game DIBLOKIR titik. Itu game-game VN ero/gore kalo misalnya diblokir harus koar koar juga.","2040746277999374407","","","in","","0","1","2","https://x.com/nellz_ntnt/status/2040746277999374407","1964563733147242502","nellz_ntnt"
"2040712295169556748","2026-04-05T08:45:00.000Z","698","Coba bikin game harvest moon tapi tanem sawit. Dapet rating umur berapa di IGRS","2040712295169556748","","","in","","12","22","181","https://x.com/hrdbacot/status/2040712295169556748","501800437","hrdbacot"
"2040711674622251223","2026-04-05T08:42:32.000Z","341","Kepada Komdigi yang terhormat,

Kalau kalian saat ini masih belum cukup kompeten untuk melindungi rakyat Indonesia dari judol, bisa tidak waktu dan anggaran kalian digunakan untuk hal yang lebih bermanfaat dibanding membuat kebijakan yang keliatan ga mikir seperti IGRS? 🙏🙏🙏","2040711674622251223","","","in","","3","1","140","https://x.com/RanggaWidigda/status/2040711674622251223","2515431258","RanggaWidigda"
"2040645711650509022","2026-04-05T16:41:30.000Z","38","@rayrestufauzi Buzzer anjing sudah keluar, yg artinya apa?
KOMDONGO LEBIH MILIH KELUARIN DUIT BUAT BUZZER DARIPADA BENERIN IGRS
TAROHAN SAMA GW LU SEMUA BUZZER BUKAN USER STEAM https://t.co/zTDWfXb1YH","2040832212279718071","https://pbs.twimg.com/media/HFJ-E4QaEAAyZVf.jpg","rayrestufauzi","in","","0","3","1","https://x.com/DokutahLianSyah/status/2040832212279718071","1419991676311855104","DokutahLianSyah"
"2040640511946686843","2026-04-05T04:58:35.000Z","12","@kukuhya sedangkan game bokep aja dikasih ratinG IGRS 3+ HAHAHAHAHAHAHAH...

anak anak mana yang mau main game bokep? https://t.co/jMQR0qNSW0","2040655317281972341","https://pbs.twimg.com/media/HFHdLbzakAA6OBy.jpg","kukuhya","in","","0","1","1","https://x.com/ZAKIR081_/status/2040655317281972341","397020170","ZAKIR081_"
"2040647297248444823","2026-04-05T04:26:43.000Z","8638","IGRS kontol","2040647297248444823","","","sl","","81","72","1962","https://x.com/ElaineCelestia/status/2040647297248444823","1503348995959132162","ElaineCelestia"
"2040665472484692004","2026-04-05T09:16:02.000Z","32","@neohistoria_id Udah bener IGRS, negara junta perlu pendidikan battle royale sejak dini dan pintar bermain poker sejak paud🔥🔥🔥😂😂😂 https://t.co/Udgvkn4pfK","2040720106821677136","https://pbs.twimg.com/media/HFIYH1xaQAAwwXE.jpg","neohistoria_id","in","","0","0","5","https://x.com/milardkopi/status/2040720106821677136","1315306729236643840","milardkopi"
"2040663213050905065","2026-04-05T05:29:58.000Z","30","IGRS kontol","2040663213050905065","","","sl","","2","0","4","https://x.com/Amelia_Letta/status/2040663213050905065","1829205037228404738","Amelia_Letta"
"2040704096857170033","2026-04-05T08:12:25.000Z","4","Controversial Take: IGRS sebenarnya sudah done, dan steam tinggal implement. Melihat reaksi masyarakat, akhirnya bikin blog langsung dan throwing steam under the bus dan bilang bahwa itu bukan rating asli mereka.

Pemerintah punya power loh, including their messaging.","2040704096857170033","","","in","","0","0","0","https://x.com/yukopangestu/status/2040704096857170033","114142544","yukopangestu"
"2040721584659579191","2026-04-05T09:21:55.000Z","4","menurut keyakinan saya.

IGRS sepertinya menggunakan AI dan hanya menilai game yang di publish dibagian luarnya saja.

Jadi mereka hanya melihat dari gambar dan mungkin hanya sekedar trailer game?

Padahal nyontek dari PEGI atau ESRB juga bisa hehehe.","2040721584659579191","","","in","","0","1","1","https://x.com/Renaldi_putra21/status/2040721584659579191","1382590229421248514","Renaldi_putra21"
"2040637611753320857","2026-04-05T03:48:14.000Z","2447","Sorry. Gw tim dukung IGRS

Gamer yang ga dukung IGRS perlu dipertanyakan https://t.co/GshnDkNHYa","2040637611753320857","https://pbs.twimg.com/media/HFHNGAqbAAA42tG.jpg","","in","","30","76","289","https://x.com/emyr_za1/status/2040637611753320857","1504627720915132416","emyr_za1"
"2040698819416072509","2026-04-05T09:49:53.000Z","21","@Matarael Imo, until government somehow ban Mobile Legends, they won’t care about this IGRS","2040728622923952190","","Matarael","en","","0","1","1","https://x.com/Fkhrhsni/status/2040728622923952190","416257017","Fkhrhsni"
"2040836362283393082","2026-04-05T16:58:00.000Z","2","Buset dah IGRS ada buzzer nya wkwkw
Hadeh... https://t.co/WbfZ8YzRhM","2040836362283393082","https://pbs.twimg.com/tweet_video_thumb/HFKB2a0bUAAMTal.jpg","","in","","0","0","0","https://x.com/serafioz/status/2040836362283393082","742819417","serafioz"
"2040583827383615857","2026-04-05T00:58:43.000Z","11","@BudiBukanIntel Salah satu Stafsus yg ide buat IGRS https://t.co/T2u2n803UO","2040594949721526412","https://pbs.twimg.com/media/HFGmSujbAAA_KTe.jpg","BudiBukanIntel","in","","0","2","1","https://x.com/WolfWood579599/status/2040594949721526412","2011330194305662977","WolfWood579599"
"2040808362670211135","2026-04-05T15:06:44.000Z","11","gamer indo udh mulai melek beli game legal di platform steam, dengan hadirnya IGRS malah bikin pola pikir masyarakat mengalami kemunduran karena jadi retan buat make bajakan. udh malah label umur sama gamenya juga kaga sesuai 🤦","2040808362670211135","","","in","","0","2","1","https://x.com/Spreadflowersss/status/2040808362670211135","988570652763291648","Spreadflowersss"
"2040634554009158040","2026-04-05T05:14:19.000Z","9","@virtualballers Soalnya IGRS ini cuma fokus 1 masalah yg dia gatau kalo masalah itu dikasih solusi A, solusi A itu bikin efek domino kemana2, contohnya efek dominonya ya perkara game ori ini. Dia fokus sama konten censorship yg katanya buat melindungi tanpa sadar collateral damagenya kemana2.","2040659274481983684","","virtualballers","in","","0","0","2","https://x.com/DimasRamdhan_/status/2040659274481983684","1246528356","DimasRamdhan_"
"2040757110951322044","2026-04-05T21:22:37.000Z","1","@kurawa Steam melakukan rating palsu trus uang pajak kita yg masuk buat IGRS buat apa dong???????????????????
Bubarin aja ga sih alias ga guna????

Punya kompetensi apa di bidang game stafsus komdigi ini?","2040902954480496745","","kurawa","in","","0","0","0","https://x.com/neitee/status/2040902954480496745","55167470","neitee"
"2040839260694364442","2026-04-05T22:20:38.000Z","1","@awaasaurus @kemkomdigi Ini aku nangkapnya steam ngasih library codingan untuk pihak IGRS dan mereka copy paste ngasal sih. Pihak IGRS mau terima beres sedangkan steam kasih directory seadanya

Ah bingung, ngga ngerti","2040917558145286311","","awaasaurus","in","","0","0","0","https://x.com/DPanglewai15679/status/2040917558145286311","1691702867428880384","DPanglewai15679"
"2040700808417997237","2026-04-05T07:59:21.000Z","5","1. Rating ngawur, cuma modal baca sinopsis.
2. Kurator inkompeten &amp; minim literasi  industri.
3. Suara praktisi diabaikan, diskusi cuma formalitas.

Tujuan baik, tapi perencanaan, proses, dan hasil eksekusi seburuk sampah, khas pemerintah indonesia, nothing new.","2040700808417997237","","","in","","0","2","1","https://x.com/raska_malendra/status/2040700808417997237","1243572862004400140","raska_malendra"
"2040692546192744611","2026-04-05T07:26:31.000Z","11907","IGRS mah cuman permulaan bjir, bentar lagi music, film, buku, bahkan maenan....bakal kena otak atik pemerintah 😂 bayangin lu gabisa beli mokit tank soviet karena dianggep dukung komunis 😂. atau lu gabisa denger lagu/nonton drama  china karena dianggep komunis.","2040692546192744611","","","in","","192","62","4060","https://x.com/sugondese6666/status/2040692546192744611","1844618478797586436","sugondese6666"
"2040894355767185667","2026-04-05T20:48:27.000Z","7589","mereka ga tau kayanya ya kalau komunitas game itu tight knit banget dan ngecek apa-apa ke satu sama lain via banyak jalur itu gampang. bakal kebongkar semua ini ngibul-ngibulnya. malapetaka humas banget IGRS ini","2040894355767185667","","","in","","25","44","1791","https://x.com/wordfangs/status/2040894355767185667","185639687","wordfangs"
"2040691915184812518","2026-04-05T07:24:01.000Z","3639","jadi maksudnya lu lempar tanggung jawab ke steam?? kalo gitu dari awal gausah ada IGRS aja ga sih ??????? @kemkomdigi https://t.co/YdxuPEbcax","2040691915184812518","https://pbs.twimg.com/media/HFH-bbBbYAA9uZa.jpg","","in","","62","53","1151","https://x.com/reruzensky/status/2040691915184812518","1687791280649326592","reruzensky"
"2040582579938885853","2026-04-05T00:09:33.000Z","837","Badan Regulasi batas usia videogame yang sudah berjalan diberlakukan di dunia :
- CERO (JP)
- PEGI (Euro)
- ESRB (USA, paling pertama ada dalam sejarah gara-gara Mortal Kombat rilis)

dan sekarang muncul IGRS (Indonesian Game Rating System) di negara sok-sokan regulasi ini

#IGRS","2040582579938885853","","","in","","9","12","197","https://x.com/R35_AH47/status/2040582579938885853","209593025","R35_AH47"
"2040619090038194329","2026-04-05T04:56:16.000Z","79","@kerissakti Komdigi: let's make indonesian kids get exposed with these NSFW games with our newly fucked up IGRS system https://t.co/1neXzpcIeF","2040654733627867606","https://pbs.twimg.com/media/HFHcqXWaoAAF42P.jpg","kerissakti","en","","0","1","7","https://x.com/rujak0199/status/2040654733627867606","1703447735075291136","rujak0199"
"2040677173032591862","2026-04-05T06:25:26.000Z","2997","Rating IGRS yang dipake buat blokir Steam itu ngawur dan salah sasaran. Rating = penanda, bukan threshold blokir.

Kemudian, beda dari mobile games, user Steam di Indonesia itu niche urban. Minimal punya laptop atau PC gaming.

Di Indo, berapa orang yang punya device itu sih? https://t.co/ejw3n4B1VB","2040677173032591862","https://pbs.twimg.com/media/HFHrDukacAAEdEf.jpg","","in","","27","38","1029","https://x.com/mhuseinali/status/2040677173032591862","177760518","mhuseinali"
"2040814604880949713","2026-04-05T23:45:42.000Z","16","@ekawicaksana @kemkomdigi @DirektoriGim kenapa sih tiap ada masalah, buzzer yang dikeluarkan KOMDIGI tuh goblok2 banget y? mereka asal ngomong soal self-claim maupun self-declare tapi gak dicerna dulu. Indonesia tuh cuma 0,5% transaksinya d steam dan kenapa cuma IGRS doank yg bermasalah, rating lain fine2 aja","2040938965520519558","","ekawicaksana","in","","0","1","1","https://x.com/MFRcapture/status/2040938965520519558","840126594689593346","MFRcapture"
"2040637064237240481","2026-04-05T09:24:54.000Z","51","@NCLYS Sekedar  menduga-duga dari modelan para bomers di pemerintah, IGRS ini cuma perantara buat:
- jadi ladang kurupsi 
- jadi ajang palak developer game 
- pemantau buat ngilangin game yg kritik pemerintahan","2040722338334089248","","NCLYS","in","","0","0","2","https://x.com/Ferral13480578/status/2040722338334089248","1111588875263049728","Ferral13480578"
"2040609221524529461","2026-04-05T08:21:54.000Z","17","@OrterMald Saat gw nyebut Umamusume, muncul mereka. Mungkin mereka pendukung IGRS... https://t.co/6yi6oOOj6Q","2040706483931980219","https://pbs.twimg.com/media/HFILlAHbkAARHqH.png","OrterMald","in","","0","2","0","https://x.com/trickymindful/status/2040706483931980219","62229279","trickymindful"
"2040494659814993991","2026-04-04T18:32:30.000Z","74","rudiantara igrs 2016 explanation
https://t.co/GYQlReyOcW","2040497755723088171","","Rafi09210","es","","0","0","4","https://x.com/Rafi09210/status/2040497755723088171","1907800778435440640","Rafi09210"
"2040860669684412562","2026-04-05T18:40:48.000Z","2","Walau ga menutup kemungkinan, like any bureaucrat adding one extra red tape in any industry, tujuan IGRS ini malah sejatinya satu: memalak rente 😂😂","2040862231810953570","","xathrya","in","","0","2","0","https://x.com/xathrya/status/2040862231810953570","324439645","xathrya"
"2040508552700395971","2026-04-04T19:15:24.000Z","130","inkosistensi IGRS ini cuma ada kemungkinan, pakai bot berdasarkan prompt tertentu atau emang bego maksimal mentok aja boomer tua bangka sialan","2040508552700395971","","","in","","2","2","30","https://x.com/gyrowayne/status/2040508552700395971","840051627847438337","gyrowayne"
"2040673086467654010","2026-04-05T06:09:12.000Z","466","The Indonesian Game Review System fully using A.I. to review games https://t.co/ZdioZ32ZR3","2040673086467654010","https://pbs.twimg.com/ext_tw_video_thumb/2040673056985853952/pu/img/eKioVEyNjCKO2J4B.jpg","","en","","1","1","95","https://x.com/NotDecade/status/2040673086467654010","1543895270186184705","NotDecade"
"2040772039271936238","2026-04-05T12:42:24.000Z","601","Ya Coretax, ya IGRS. Deploy belom siap tapi dipaksain. yang kena imbasnya ya rakyat jelata macem kita ini.","2040772039271936238","","","in","","1","2","284","https://x.com/ShaniBudi/status/2040772039271936238","43553349","ShaniBudi"
"2040830019153666369","2026-04-05T16:32:48.000Z","8","A nothingburger of a statement. And shifting the blame for an added bonus!","2040830019153666369","","","en","","0","0","0","https://x.com/resir014/status/2040830019153666369","64368882","resir014"
"2040695329537020064","2026-04-05T07:37:35.000Z","3","IGRS: INDON GOBLOG RATING SYSTEM","2040695329537020064","","","en","","0","0","7","https://x.com/b0nnysidharta/status/2040695329537020064","1731946221340958720","b0nnysidharta"
"2040661228792823949","2026-04-05T05:22:05.000Z","12","SIAPA SIH YANG LU LINDUNGI

IKLAN JUDOL LEBIH BAHAYA BUAT BOCIL KALAU KEPENCET DIBANDING DIA HARUS MINTA MAMA DULU BELI GAME GTA 6 900 RIBU BUAT KUMPUL KEBO SAMA GEPENG","2040661228792823949","","","in","","0","0","1","https://x.com/HiKultusKaleng/status/2040661228792823949","1297519472798916608","HiKultusKaleng"
"2040938846674911288","2026-04-05T23:45:14.000Z","10","Tanggapan dari Asosiasi Game Indonesia (AGI)","2040938846674911288","","","in","","0","0","0","https://x.com/AADGPodcast/status/2040938846674911288","1104940826373709824","AADGPodcast"
"2040698222512148716","2026-04-05T07:49:05.000Z","39","masalahnya persis kaya MBG

Kalo belum rampung, jangan dirilis kocak. Udah mah sok asik, terburu-buru pula","2040698222512148716","","","in","","0","2","4","https://x.com/madeltangapung/status/2040698222512148716","322430484","madeltangapung"
"2040776979868451142","2026-04-05T13:02:02.000Z","923","Kita harus berisik soal IGRS. Inget dulu Paypal sempet di-ban sampai kita protes rame-rame? Yuk kita senggol terus issue ini supaya pemerintah tobat 🔥","2040776979868451142","","","in","","0","1","377","https://x.com/nuckyeah_/status/2040776979868451142","1294655281524166656","nuckyeah_"
"2040478282748133603","2026-04-04T17:15:07.000Z","3530","igrs singkatan dari Indon GOBLOK Rating System","2040478282748133603","","","in","","11","8","1278","https://x.com/badakmeledak_/status/2040478282748133603","1683034008282857472","badakmeledak_"
"2040789280499622351","2026-04-05T13:50:55.000Z","32","JADWAL SIDANG TAHANAN POLITIK 6-7 April 2026!

Yang ngamuk karena ada ibu dilindes tentara, IGRS yang gak jelas, investigasi kasus Andrie Yunus disensor Instagram, keracunan MBG, dan banyak lagi kelakuan rezim dipersilakan menyalurkan amarah di ruang sidang tahanan politik! https://t.co/ubTNDdmRp6","2040789280499622351","https://pbs.twimg.com/media/HFJUJ8Qa0AEuN7_.png","","in","","0","1","25","https://x.com/BerhakProtes/status/2040789280499622351","1999003901014716418","BerhakProtes"
"2040868311907574151","2026-04-05T19:04:57.000Z","1","IGRS kontol","2040868311907574151","","","sl","","0","0","0","https://x.com/rizkysbrnsyh/status/2040868311907574151","1083054525336829952","rizkysbrnsyh"
"2040674952094105994","2026-04-05T06:16:37.000Z","4","komdigi tolol, masa rating persona di igrs masuk nya ke RC, giliran gim fornok masuk nya ke 3+ dongo dongo","2040674952094105994","","","in","","0","0","0","https://x.com/cegilnyaxiangli/status/2040674952094105994","1775585590089744385","cegilnyaxiangli"
"2040391127656997370","2026-04-04T11:28:48.000Z","1310","saatnya geruduk kantor IGRS https://t.co/EqFX7kTr6H","2040391127656997370","https://pbs.twimg.com/media/HFDs1OCbgAAY1zQ.jpg","","in","","85","75","281","https://x.com/tilehopper/status/2040391127656997370","1249662133916192768","tilehopper"
"2040579308373332239","2026-04-04T23:56:33.000Z","7932","Jadi masih mau mikir politik ga ngaruh ke kehidupan kita cuy? Wkwkwk  IGRS sampaahhhhhhh
.
So you still think politics doesn’t affect our lives, huh? Lmao IGRS is trashhhhhhh https://t.co/AG4PqVxLyS","2040579308373332239","https://pbs.twimg.com/amplify_video_thumb/2040579042601324544/img/DhITAypCGtjh1nxj.jpg","","in","","246","237","3910","https://x.com/ezash/status/2040579308373332239","105080250","ezash"
"2040652165010821124","2026-04-05T04:46:04.000Z","334","IGRS kacau banget, gimana warga Indonesia bisa beli game di Steam kalau begini... Semua dipersusah kecuali ngeblock website judol","2040652165010821124","","","in","","1","1","81","https://x.com/TOGERD/status/2040652165010821124","44534961","TOGERD"
"2040494659814993991","2026-04-04T18:20:12.000Z","4705","Rudiantara's IGRS vs Meutya Hafid's IGRS https://t.co/opaudhQGzz","2040494659814993991","https://pbs.twimg.com/media/HFFLEYcbcAALMZH.jpg","","sl","","59","59","970","https://x.com/Rafi09210/status/2040494659814993991","1907800778435440640","Rafi09210"
"2040682576713826730","2026-04-05T06:46:54.000Z","4","wkwk semangat tim IGRS 🫰","2040682576713826730","","","in","","0","0","1","https://x.com/ardhanfadh/status/2040682576713826730","58875829","ardhanfadh"
"2040757110951322044","2026-04-05T23:37:07.000Z","2","@kurawa 🤡 dagelan mana lagi ini.. 
Tolong ini audit metode kerja tim IGRS nya @DPR_RI 
Sudah bikin keresahan publik. 
Publik berhak tahu, cara kerja ratingnya gmn","2040936805198074060","","kurawa","in","","0","0","0","https://x.com/The_Discomafia/status/2040936805198074060","57513726","The_Discomafia"
"2040704635128943030","2026-04-05T13:13:23.000Z","9","@fareasy96 @mhuseinali &gt;kalo gak ada berarti rating nya dari sistem steam

Steam se goblok apa sih ngasih rating IGRS nukitashi 3+ padahal di rating steam nya sendiri udh bener buat adult","2040779836000698747","","fareasy96","in","","0","1","0","https://x.com/noone_n_nobody_/status/2040779836000698747","891253466961633280","noone_n_nobody_"
"2040579308373332239","2026-04-05T00:23:58.000Z","63","@ezash Efek IGRS diatur oleh orang-orang yang ga paham dunia game.","2040586208036913213","","ezash","in","","0","0","1","https://x.com/edvan_p/status/2040586208036913213","71171493","edvan_p"
"2040516402831077612","2026-04-05T05:25:07.000Z","282","@Stackzgraphia Lu liat deh jawabannya igrs sama aldo, orang igrs bener2 tidak ngerti kalau maksa ngefilter konten game sampe berpotensi ga boleh rilis disini tuh collateral damagenya bisa kemana-mana dan malah munculin BANYAK masalah baru.","2040661992034480142","","Stackzgraphia","in","","0","2","10","https://x.com/DimasRamdhan_/status/2040661992034480142","1246528356","DimasRamdhan_"
"2040861930416726246","2026-04-05T18:39:36.000Z","2","Gw lebih percaya steam daripada  komdongo","2040861930416726246","","","in","","0","0","0","https://x.com/MyOwnPath1111/status/2040861930416726246","1719697025502240768","MyOwnPath1111"
"2040937799072014594","2026-04-05T23:41:04.000Z","1","Padahal steam jg udah ngasih rating sendiri dan itu udah sangat bagus, tinggal ngikut doang kan enak ga usah repot cape2 kerja 2x tuh si igrs","2040937799072014594","","","in","","0","0","0","https://x.com/p0litrick/status/2040937799072014594","606000080","p0litrick"
"2040687644871700858","2026-04-05T07:15:27.000Z","3","@iPoopBased igrs nya langsung 3+ aja tuh game itu

komdoggy oh komdoggy","2040689757794287798","","iPoopBased","in","","0","0","0","https://x.com/evanniestash/status/2040689757794287798","1994706067721469952","evanniestash"
"2040593593723945399","2026-04-05T00:53:19.000Z","723","Yang bener aja @kemkomdigi? Ini ntar anak-anak disuruh nunggu 18 tahun dulu baru boleh main Heartopia, Kuloniku, Coffe talk etc. gitu? Trus sambil nunggu disuruh main game bokep karena itu dibolehkan gitu? Yang bener aja!

IGRS perlu, tapi yang bener lah ngeratingnya ffs","2040593593723945399","","","in","","1","3","169","https://x.com/TakedaMameya/status/2040593593723945399","1901581579945934848","TakedaMameya"
"2040591324337131658","2026-04-05T00:44:18.000Z","726","IGRS menolak ngasi rating beberapa game. Menurut mereka,""berpotensi melanggar hukum nasional"".  

Gw kira ini cuma sekedar ""salah rating"". Gimana kalo ada game yg mengkritik pemerintah, terus sama IGRS ga dikasih rating, dan dibanned di Indo. Ini pembungkaman opini.
Selengkapnya:","2040591324337131658","","","in","","2","12","281","https://x.com/mas_ittou/status/2040591324337131658","2831421151","mas_ittou"
"2040738476317143134","2026-04-05T10:29:02.000Z","1920","Scrolling sosmed makin aneh ya melihat kebodohan IGRS ini","2040738476317143134","","","in","","1","6","232","https://x.com/KrowThornes/status/2040738476317143134","1625085928271384576","KrowThornes"
"2040663341098832089","2026-04-05T05:30:28.000Z","4","Terpantau udah silih berganti ini yutuber pituber strimer yg spik app. Emang tolol bgt igrs kontol itu. Bukannya cari akar masalah malah bikin huru hara #tolol","2040663341098832089","","","in","","0","0","0","https://x.com/purwodaddyeah/status/2040663341098832089","907622089703669760","purwodaddyeah"
"2040566445944549824","2026-04-04T23:05:27.000Z","1239","Perihal IGRS dasarnya ada di permenkominfo 2/2024

Pas baca pasal 15 ayat 2  gw ngerasa ini calon aturan karet yg bkl nyusahin game dev indo

""Bersifat meresahkan masyarakat; dan/atau mengganggu ketertiban umum"" https://t.co/W9wuW9DjLN","2040566445944549824","https://pbs.twimg.com/media/HFGMXIdaUAAbdM_.jpg","","in","","59","27","483","https://x.com/haisayahaisa/status/2040566445944549824","1135894700181794818","haisayahaisa"
"2031858888103117248","2026-04-05T03:22:10.000Z","20","@meutya_hafid ini Xnya on kan? dibaca noh sono sentimen terkait IGRS gajelas lu itu. urusin juga judol dulu sana paling utama, jangan lari dari fokus utama. 

atau sengaja ga diurus dan dipelihara? jadi nyerang ke point-point sampingan?","2040631049773006871","","meutya_hafid","in","","0","0","0","https://x.com/FujisakiBosssun/status/2040631049773006871","879621291896066048","FujisakiBosssun"
"2040422001526157431","2026-04-04T13:31:29.000Z","394","P5R is ""getting Refused Classification"" meanwhile Upin &amp; Ipin somehow is getting a 18+🤦‍♂️

THE NEW MMSF LEGACY COLLECTION, HISTORICALLY RATED E/E10 GAMES, GETS A 18+ FOR CIGARRETES AND DRUGS FOR SOME FUCKING REASON (THERE'S NO CIGARS OR DRUGS IN THE GAME)

IGRS WHAT THE FUCK. https://t.co/ErIGxNG2gQ","2040422001526157431","https://pbs.twimg.com/media/HFEIjUhawAEwi-f.jpg","","en","","8","9","123","https://x.com/DarrylLzkr_01/status/2040422001526157431","841977123162140672","DarrylLzkr_01"
"2040671129837380052","2026-04-05T06:01:25.000Z","5","kalo mau tahu nukitashi ini apa…..
search nukitashi &gt; video &gt; nanti paham kenapa rating ini absurd.","2040671129837380052","","","in","","0","1","0","https://x.com/Ichavarma_/status/2040671129837380052","1545271727521169411","Ichavarma_"
"2040707677148561663","2026-04-05T08:26:39.000Z","33","It's not censorship if there's no censorship at all.

It's just classification.","2040707677148561663","","","en","","1","3","0","https://x.com/anda_winata/status/2040707677148561663","48265005","anda_winata"
"2040557868093763719","2026-04-04T22:31:22.000Z","12","IGRS gak jelas blass cok, ratingnya masih bermasalah gini.","2040557868093763719","","","in","","0","3","1","https://x.com/MYasfika/status/2040557868093763719","3087099534","MYasfika"
"2040916527277641977","2026-04-05T22:16:33.000Z","2","👨🏻 : izinnn mb mut terkait heboh IGRS saya udah Ngetweet y 🙏🏻
👩🏻 : okk mas ruddd otsukareesama desu","2040916527277641977","","","in","","0","0","1","https://x.com/BusterBorrr/status/2040916527277641977","115369956","BusterBorrr"
"2040645711650509022","2026-04-05T04:20:25.000Z","11250","AWKWKWKWKWKWKWK https://t.co/5fmmnANhsd","2040645711650509022","https://pbs.twimg.com/media/HFHUZLrakAAMCpJ.png","","in","","260","192","1487","https://x.com/rayrestufauzi/status/2040645711650509022","459085474","rayrestufauzi"
"2040411937016816087","2026-04-04T12:51:29.000Z","4678","Mulai banyak game internasional yg tidak lulus rating IGRS","2040411937016816087","","","in","","137","236","1269","https://x.com/kerissakti/status/2040411937016816087","64586729","kerissakti"
"2040941422875201794","2026-04-05T23:55:28.000Z","1","hmmmmm kalau game online harus terverifikasi IGRS dari komdigi, apakah era rental PS akan balik lagi? menarik nih kalau mau buka usaha rentalan PS.

selain rentalan PS maenan² tradisional yg nuntut keluar rumah dan maen bersama bisa kembali diramaikan.","2040941422875201794","","","in","","1","0","0","https://x.com/jimans_/status/2040941422875201794","1558318559943888896","jimans_"
"2040468376821366984","2026-04-04T18:41:13.000Z","61","@SEAGamethetic Hey so, Just read Steam’s documentation a bit, stating they will not display games missing a valid age rating. The document also confirms that IGRS has 6 rating tiers, ranging from 3+ to RC (Refused Classification). Does this mean games rated RC can still be displayed on Steam ? https://t.co/HXfvj4FUuA","2040499949666988461","https://pbs.twimg.com/media/HFFP5AFa4AAtJV0.jpg","SEAGamethetic","en","","0","2","1","https://x.com/EnterSlao/status/2040499949666988461","1511114837765812228","EnterSlao"
"2040925017886888289","2026-04-05T22:50:17.000Z","1","Yang tolol IGRS yang disalahin steam, logikanya udah kebalik ini komdongo","2040925017886888289","","","in","","0","0","0","https://x.com/FKRSM_/status/2040925017886888289","844486463844564992","FKRSM_"
"2040593488350515441","2026-04-05T08:47:00.000Z","2","@kemkomdigi Ciyee bikin IGRS, setoran Judi Online aman yaa bang??? Spill dong minimal steam harus ""BAYAR"" berapa supaya dilindungi kayak JUDI ONLINE??","2040712798523851120","","kemkomdigi","in","","0","0","2","https://x.com/foxtrotvlrt/status/2040712798523851120","1051453371415126016","foxtrotvlrt"
"2040900070741291406","2026-04-05T23:08:38.000Z","0","@wordfangs @Steam Udah dibilangin jangan bikin marah Gamers, bebal sih. Mending IGRS muhasabah dan klarifikasi deh jangan malah ngerahin buzzer.","2040929637816258616","","wordfangs","in","","0","1","0","https://x.com/ariesu__/status/2040929637816258616","74383213","ariesu__"
"2040773983927210098","2026-04-05T12:50:08.000Z","23","https://t.co/FQOMv3KdYo

Sender mah yakin kalau boomer itu bukan lagi merujuk pada suatu generasi, tapi mentality. Buktinya kebijakan ini justru menghambat kreativitas dan kemajuan industri game. Gw yakin arah²nya bakal ke pajak lagi

Yujiem!","2040773983927210098","","","in","","0","2","5","https://x.com/UGM_FESS/status/2040773983927210098","1277749122296983552","UGM_FESS"
"2040491792295186826","2026-04-04T18:08:48.000Z","2835","clip lama aldo sama dito soal tim di balik igrs makin lama makin relevan 😹 https://t.co/CPOQIXqOib","2040491792295186826","https://pbs.twimg.com/amplify_video_thumb/2040491510358274048/img/xthHaMlPDw03gbRo.jpg","","in","","64","101","790","https://x.com/badakmeledak_/status/2040491792295186826","1683034008282857472","badakmeledak_"
"2040640511946686843","2026-04-05T05:05:39.000Z","413","@kukuhya @mhuseinali Yakuza sudah ada mesin pachinko

The witcher bisa taruhan crowns pas main gwent

GTA udah ada pas casino update

Harusnya gim² ini sudah bisa 3+ di IGRS 🙏","2040657093443862565","","kukuhya","in","","2","4","17","https://x.com/AkuntanMilenial/status/2040657093443862565","1252598011789627392","AkuntanMilenial"
"2040928820841381926","2026-04-05T23:05:24.000Z","3","Akun akun yang tampak punya steam dan pemain handal ya. Hebat bgt!","2040928820841381926","","","in","","0","1","0","https://x.com/grigggity/status/2040928820841381926","787217251","grigggity"
"2040724651886924235","2026-04-05T09:57:50.000Z","267","@ArjunaArkana @AltairNachel buat igrs https://t.co/JzNKlspME9","2040730625825710161","https://pbs.twimg.com/media/HFIhsJka8AAea4c.jpg","ArjunaArkana","in","","0","0","6","https://x.com/not_realhumann/status/2040730625825710161","1861016208658841600","not_realhumann"
"2040607663848034623","2026-04-05T09:38:08.000Z","5","@Lord_Mudcrab95 Karena didukung alhasil kacau.
IGRS masih 1 kesatuan komdigi, dan lu udah paham eksistensi komdigi gimana. Dan masih mau dukung ? 
😅😅
Ngerating ampe ngabaned game bukti y bakal kacau.
Sekali lagi masih 1 kesatuan ama komdigi dimana duit nya masih pake punya negara","2040725664937243119","","Lord_Mudcrab95","in","","0","0","0","https://x.com/Leopurwanto4/status/2040725664937243119","1205106706377658368","Leopurwanto4"
"2040757110951322044","2026-04-05T23:22:55.000Z","17","@kurawa enak juga ye jadi buzzer ga berakal tetep digaji. steam bukan barang baru ya tolol, dari dulu rating steam ga ada masalah cuman gara-gara igrs muncul barulah kacau begini coba logika nya dipake sekali-kali","2040933231877587260","","kurawa","in","","0","0","1","https://x.com/marcenalius/status/2040933231877587260","2854258734","marcenalius"
"2040766770773131641","2026-04-05T12:21:28.000Z","8","Blok goblok goblok goblok  

Ayo ganyang menteri goblok @meutya_hafid","2040766770773131641","","","in","","0","0","1","https://x.com/vincentrcrd/status/2040766770773131641","253096749","vincentrcrd"
"2040668890188202155","2026-04-05T05:52:31.000Z","4","Ketotolan yang tiada akhir, dikelola oleh orang kolot yang bahkan mungkin seumur hidup ga pernah maen game, sad state of our country now","2040668890188202155","","","in","","0","0","1","https://x.com/Gamerkantoranid/status/2040668890188202155","1352077737238773761","Gamerkantoranid"
"2040750365805801599","2026-04-05T11:16:17.000Z","4","Perkara Terutama soal steam, ini keknya siklusnya (dan berdasarkan yang kuliat dan kutau)

- Komdigi minta steam kasih rating igrs di seluruh gamenya

- komdigi kasih batas waktu paling lama xxxxx (mungkin seminggu?)","2040750365805801599","","","in","","0","1","1","https://x.com/naminesae/status/2040750365805801599","1315651330967367687","naminesae"
"2040640511946686843","2026-04-05T21:23:32.000Z","3","@livingcitysim @kukuhya Lanjut aja mas perkembangan simulator di indo marketnya luas tapi produksi/pemain lokalnya masih dikit, selagi ga melanggar syarat dr igrs aman harusnya","2040903188480655509","","livingcitysim","in","","0","1","0","https://x.com/Asep_Shelby/status/2040903188480655509","1495367265440911366","Asep_Shelby"
"2040766196736532663","2026-04-05T12:20:20.000Z","3","Setelah ramai jadi bahan obrolan publik , per tanggal 5 April 2026 atau hari ini baru ada klarifikasi dari IGRS dan menjelaskan kalau game-game yang sudah mendapatkan rating justru belum mendapat kajian bersama pihak Steam? https://t.co/Tba4xKrRIS","2040766486793597234","https://pbs.twimg.com/media/HFJCLznagAAP8FB.jpg","warungkarbit","in","","0","1","1","https://x.com/warungkarbit/status/2040766486793597234","1955052504372350980","warungkarbit"
"2040809182874714185","2026-04-05T15:10:00.000Z","1","gua ma simple, kan steam udah punya sistem rating umur buat game yang di distribusikan di steam. Kenapa komdigi terdesak untuk membuat sistem baru (IGRS). kalo emang ingin menerapkan sistem pembatasan usia pada game, kenapa ga mengkaji sistem umur yang udah ada di steam","2040809182874714185","","","in","","0","1","1","https://x.com/risatonul/status/2040809182874714185","1609448211810508802","risatonul"
"2040672419191705837","2026-04-05T06:06:33.000Z","2","igrs tolol","2040672419191705837","","","sl","","0","1","0","https://x.com/striaagoy/status/2040672419191705837","1501666201361334273","striaagoy"
"2040747723499139564","2026-04-05T11:05:47.000Z","512","IGRS dikira cuma berdampak ke komunitas game doang kali ya. Padahal banyak bgt irisan sama komunitas/penggiat yang lain kaya bola, motogp,  tenis, basket, anime, dll dll😂","2040747723499139564","","","in","","0","0","132","https://x.com/id_fm/status/2040747723499139564","570872480","id_fm"
"2040467237396742625","2026-04-04T16:31:14.000Z","186","Sumpah udah mendingan lebih bagus samain sama ESRB

IGRS ini aneh banget eksekusinya jadi kayak ""Random"" keliatannya. Kalo kayak gini yang ada makin gak percaya sama campur tangan pemerintah dalam Industri Game","2040467237396742625","","","in","","1","1","44","https://x.com/yaboishiru/status/2040467237396742625","256428722","yaboishiru"
"2040659464182005999","2026-04-05T05:15:04.000Z","1","IGRS पर दर्ज शिकायत का अभी तक कोई निस्तारण नहीं हुआ। पुलिस विभाग द्वारा सिर्फ फोन पर गुमराह किया जा रहा है।
यदि जल्द न्याय नहीं मिला तो पुलिस अधीक्षक कार्यालय, सीतापुर का घेराव कर धरना-प्रदर्शन करने को बाध्य होंगे।
@sitapurpolice @dgpup","2040659464182005999","","","hi","","0","0","1","https://x.com/SarojKumarasp/status/2040659464182005999","1408074371650834442","SarojKumarasp"
"2040839708218138827","2026-04-05T17:11:18.000Z","1","temenku bilang igrs ntu indonesian gooner rating system 😭","2040839708218138827","","","in","","0","0","0","https://x.com/yeojinwibu/status/2040839708218138827","1763175669830397953","yeojinwibu"
"2040685239228653915","2026-04-05T07:54:40.000Z","5","@iPoopBased Bacot, udalah blg aja igrs ini alibi doang buat di jadiin sumber cuan “panas” buat gw dan kelompok gw..ngehe","2040699628778332633","","iPoopBased","in","","0","0","0","https://x.com/Pastaart167/status/2040699628778332633","1832011957874118656","Pastaart167"
"2040721777618501795","2026-04-05T09:22:41.000Z","3","Yg ngerating igrs orang orang cabul mesum semua anjeng","2040721777618501795","","","in","","0","0","0","https://x.com/nuklirhytam/status/2040721777618501795","1227571408550498305","nuklirhytam"
"2040712950596669818","2026-04-05T08:47:36.000Z","9","aku gatau igrs buat buku namanya apaan, tapi menurutku danmei (dan buku-buku 'kiri' yang gacuman queer romance) kebanyakan gaboleh masuk tuh menurutku sudah termasuk jadi contoh hobimu dipengaruhi politik dan disensor oleh pemerintah","2040712950596669818","","","in","","0","1","3","https://x.com/puppyjjyuu/status/2040712950596669818","1989192363319918592","puppyjjyuu"
"2040752184401580115","2026-04-05T11:23:30.000Z","22","Knowing our indonic govt, are we supposed to believe dis shite?","2040752184401580115","","","en","","0","1","1","https://x.com/PHN316/status/2040752184401580115","900013274002989057","PHN316"
"2040887763474727212","2026-04-05T20:22:15.000Z","1","Kalo mereka buat sistem nya pake AI, fuck IGRS","2040887763474727212","","","in","","0","0","0","https://x.com/esp_sevens/status/2040887763474727212","1703315934541496320","esp_sevens"
"2040582308789694688","2026-04-05T00:08:29.000Z","2369","IGRS 👎🏼

Civ VI ditandain 18+,  Plants vs Zombies 18+, A Date with Death 13+ (LGBTQ+ btw), PUBG 3+, dll.

Fix, system IGRS buruk sekali. Rating kelihatan berdasarkan checklist ada/tidak, BUKAN konteks.

Ada rokok → 18+
Ada tembak-tembakan → 18+
Ada kata kasar → 18+

Meskipun https://t.co/EpUq13H53H","2040582308789694688","https://pbs.twimg.com/media/HFGahnqaEAAxvqM.jpg","","in","","99","122","697","https://x.com/junwatu/status/2040582308789694688","339874062","junwatu"
"2040890262554313127","2026-04-05T20:32:11.000Z","25","Steam hanya input rating dari third party providers macam PEGI dan ESRB

IGRS termasuk third party provider (regional compliance) yang punya basis rating sendiri

Jadi kalo ada incorrect rating ya salah provider yang ngasih data prematur, bukan Steam","2040890262554313127","","","in","","0","1","6","https://x.com/fialamsyah/status/2040890262554313127","1687770055","fialamsyah"
"2040662215775437064","2026-04-05T05:26:00.000Z","4","https://t.co/KNJVMsnz5P","2040662215775437064","https://pbs.twimg.com/media/HFHjdxpbMAAKeoi.jpg","","zxx","","0","0","0","https://x.com/daneekz_/status/2040662215775437064","1252233588461809664","daneekz_"
"2040661325706309804","2026-04-05T05:22:28.000Z","4365","Akhirnya nemu rating IGRS yang presisi. Terima kasih @kemkomdigi https://t.co/3NoG73MRNc","2040661325706309804","https://pbs.twimg.com/media/HFHiqJlbkAAEP3B.jpg","","in","","49","58","1527","https://x.com/kemgelapan/status/2040661325706309804","1772124227463979008","kemgelapan"
"2040777108415553580","2026-04-05T13:02:33.000Z","22","IGRS ide yg bagus, tapi tolong itu banyak mismatching game sama ratingnya awokawok, barusan liat GTA rating 3+ teh gimana, buset😂

Ada lagi yg kena RC, Persona 5, ga masuk akal cuk. Perasaan tuh game ga ada unsur yg bisa dibilang red-flagged + grafisnya juga kids friendly.😂","2040777108415553580","","","in","","0","4","5","https://x.com/Lost_Ataraxia/status/2040777108415553580","1706739906750693376","Lost_Ataraxia"
"2040443737466405115","2026-04-04T18:20:53.000Z","90","@mog_mediaa @wordfangs Tolong @mog_media notice tweet ini, gua sempat bahas soal regulasi dibalik IGRS di komentar video pembahasan IGRS. Penting ini buat dibaca. https://t.co/w7REvReX00","2040494834335797306","https://pbs.twimg.com/media/HFFLPG_bQAAldYu.jpg","mog_mediaa","in","","5","3","13","https://x.com/XxEscAltF4/status/2040494834335797306","1255000414031736834","XxEscAltF4"
"2040869891876790651","2026-04-05T22:07:44.000Z","172","@ezash ""Justru itu rating IGRS perlu dibikin makin jelas dan rapi"" ya kalau tau belum jelas dan belum rapi jangan main kasih rating. Artinya IGRS gak ngerti game isinya apa tapi main kasih rate. Negara Republik Buzzer.","2040914311116435653","","ezash","in","","0","0","2","https://x.com/yousuffer_why/status/2040914311116435653","1863738210440073216","yousuffer_why"
"2040582728496951770","2026-04-05T00:31:05.000Z","3","Dan IGRS udh integrate ke Steam semoga klasifikasinya bisa tepat guna dan lebih mudah buat developer luar! sebagai saksi dari masih di AGI dulu IGRS ke sekarang, hopefully bisa tetep bantu tujuan awal buat klasifikasi tanpa restricting yg tidak perlu, semoga bisa di iterasikan!","2040587998165934239","","ardhanfadh","in","","0","1","1","https://x.com/ardhanfadh/status/2040587998165934239","58875829","ardhanfadh"
"2040616008147451972","2026-04-05T02:22:23.000Z","3","thanks IGRS
ternyata ada yang lebih GOBLOK dari gua https://t.co/qRc2xtQ9JW","2040616008147451972","https://pbs.twimg.com/media/HFG5ZPmbAAAKgD-.jpg","","in","","0","0","0","https://x.com/waifudrifter/status/2040616008147451972","3191657575","waifudrifter"
"2040600806639177815","2026-04-05T01:21:59.000Z","5","Gue masih bingung P5 sampe masuk kategori not fit for distribution tuh kenapa

Asli gajelas","2040600806639177815","","","in","","0","2","1","https://x.com/erika109_/status/2040600806639177815","109886938","erika109_"
"2040630043332993446","2026-04-05T04:37:24.000Z","0","@PlaymenID @kemkomdigi IGRS = Indonesia Goverment Rating system. rating komdigi 3/20
#komdigijelek https://t.co/Hp0jp6o19T","2040649986648814021","https://pbs.twimg.com/media/HFHYVHRawAApd3a.jpg","PlaymenID","in","","0","0","0","https://x.com/Narvianne/status/2040649986648814021","1238297809037578241","Narvianne"
"2040659997206753561","2026-04-05T05:19:43.000Z","1","@npctukangtempa ya karena seperti yang meutya hafid ini dia lahir 3 mei 1978 yang dimana itu generasi x tapi pemikirannya itu boomer banget bahkan yang orang igrs alfreno yang lahir 1999 yang dimana itu gen z tapi pemikirannya kek boomer.","2040660634849943712","","npctukangtempa","in","","0","0","0","https://x.com/Rafi09210/status/2040660634849943712","1907800778435440640","Rafi09210"
"2040468376821366984","2026-04-05T01:01:55.000Z","5","@ShinomiyaRen @SEAGamethetic IGRS has no clue 💀 @asosiasigame_id please help","2040595756000944360","","ShinomiyaRen","en","","0","0","0","https://x.com/RizeroStudios/status/2040595756000944360","1859577793270644740","RizeroStudios"
"2040637257401684242","2026-04-05T03:46:50.000Z","4","i feel we don't hate komdigi enough","2040637257401684242","","","en","","0","0","0","https://x.com/kwetiawngentiaw/status/2040637257401684242","1917792579439190020","kwetiawngentiaw"
"2040627084763242822","2026-04-05T03:06:24.000Z","3","Hiburan gua gausah lu usik juga lah igrs anjinggg ngentottt judol kaga lu tangkep-tangkep hiburan orang malah lu campurtangin. Bubar aja lah ni negara.","2040627084763242822","","","in","","0","0","0","https://x.com/arsennto/status/2040627084763242822","1821368190720483329","arsennto"
"2040684928497594809","2026-04-05T06:56:15.000Z","6","ช่วยจับตามองกันด้วยค่า 👀","2040684928497594809","","","th","","0","0","3","https://x.com/Playyerteam/status/2040684928497594809","1966138371480367109","Playyerteam"
"2040725356244828230","2026-04-05T12:20:50.000Z","90","Banyak yang bilang karena ada gacha, setuju &amp;make sense sih. Tp eFootball 3+ tuh 😂

Semakin memperjelas kalau standar  sistem rating IGRS emang ngaco.

https://t.co/WGNvcPjEzf","2040766612484358463","","iPoopBased","in","","4","3","7","https://x.com/iPoopBased/status/2040766612484358463","2022947167829397507","iPoopBased"
"2040579524979732744","2026-04-05T23:26:43.000Z","1","@cloplerr Indonesian Game Rating System, intinya kalau ada game mau masuk indo kudu lolos sensor dan rating dari IGRS ini, tapi ya gitu deh, rate nya ngaco","2040934187541434513","","cloplerr","in","","0","1","0","https://x.com/chaaphrodite/status/2040934187541434513","1782611727399677953","chaaphrodite"
"2040564206303576078","2026-04-04T22:56:33.000Z","1987","Hahahaha jelas2 ada Steam tag “Sexual Content” rating IGRS nya 3+

Ini lebih game anak2 daripada Kuloniku game masak2 yg dapat rating 18+ https://t.co/Ju1IGeSIda","2040564206303576078","https://pbs.twimg.com/media/HFGKVF8a0AAeOd-.jpg","","in","","75","49","536","https://x.com/kerissakti/status/2040564206303576078","64586729","kerissakti"
"2040646711778148558","2026-04-05T04:24:24.000Z","2518","Mobile legend belum kena soalnya","2040646711778148558","","","in","","25","89","388","https://x.com/BudiBukanIntel/status/2040646711778148558","1794298849651212288","BudiBukanIntel"
"2040843809765118150","2026-04-05T17:27:35.000Z","5","semajunya suatu negara, pembatasan game itu gak sampai di block kecuali benar benar didalamnya ada muatan sadis yang dapat memicu psikis.

tapi indonesia sok putih sekali.","2040843809765118150","","","in","","0","0","1","https://x.com/speedingjunkie/status/2040843809765118150","1479381823994023936","speedingjunkie"
"2040475447138632140","2026-04-04T17:03:51.000Z","9085","Dear (?) IGRS..

You can never be them, you corrupt boomeric indonic piece of shite. https://t.co/mKsp0VoqSJ","2040475447138632140","https://pbs.twimg.com/media/HFE5VauawAAeVOa.png","","en","","42","34","2798","https://x.com/PHN316/status/2040475447138632140","900013274002989057","PHN316"
"2040671284598858231","2026-04-05T06:02:02.000Z","2","KOCAK MAKSIMAL","2040671284598858231","","","in","","0","0","0","https://x.com/rindu2865/status/2040671284598858231","129741428","rindu2865"
"2040677319422173478","2026-04-05T20:57:51.000Z","5","@haisayahaisa Itu head team IGRS loh ya 😹","2040896721480499505","","haisayahaisa","in","","0","0","0","https://x.com/lancashire1878_/status/2040896721480499505","1629982821812166656","lancashire1878_"
"2040788423662035034","2026-04-05T13:47:30.000Z","1","WKWKWKWKWK BOOMER LEMPAR TANGGUNG JAWAB KE PAPA GABEN PADAHAL SALAH DIA SENDIRIII","2040788423662035034","","","in","","0","0","0","https://x.com/konoPrompyDa/status/2040788423662035034","1491988018483580930","konoPrompyDa"
"2040637611753320857","2026-04-05T21:36:55.000Z","16","@emyr_za1 Gamer yang ga dukung IGRS perlu dipertanyakan keyahudiannya🇮🇱","2040906556741747001","","emyr_za1","in","","0","0","0","https://x.com/ryoyabunap/status/2040906556741747001","1959135997368975360","ryoyabunap"
"2040729585948807679","2026-04-05T09:55:19.000Z","11","like, IGRS tinggal menyesuaikan rating mereka dengan ESRB atau lembaga sejenis BUT NOPE KITA INI BANGSA YANG BESAR (kemunafikan dan kengawurannya) ESRB HANYA ANTEK ASENG PEMECAH BELAH KAYAK SOROS","2040729990845882580","","FirstLast4369","in","","1","0","0","https://x.com/FirstLast4369/status/2040729990845882580","1399877668326109185","FirstLast4369"
"2040579308373332239","2026-04-05T05:05:25.000Z","59","@ezash Kumpulkan para gamer dan turun demo dengan kasih paham itu kemkomdigi tentang kebijakannya yang sebenarnya absurd, kalau ga ada aksi langsung juga berarti udh mau nurut aja donk? sama kebijakan IGRS? 

Apalagi bisa dorong komunitas gamer, youtuber pasti mudah...","2040657036648821117","","ezash","in","","0","2","0","https://x.com/lovin481155/status/2040657036648821117","2032375922268258307","lovin481155"
"2040628118705279350","2026-04-05T03:10:31.000Z","8","Hari-hari jadi WNI

&gt;Kebijakan aneh-aneh
&gt;Harga naik semua
&gt;Drama sana sini
&gt;Rating IGRS apalah gajelas
&gt;Ekonomi questionable

Baru April lho..","2040628118705279350","","","in","","0","3","1","https://x.com/axel_zeed/status/2040628118705279350","975328363836465152","axel_zeed"
"2040910270642692589","2026-04-05T21:51:41.000Z","10","Oooo PNBP toh ini","2040910270642692589","","","in","","0","1","0","https://x.com/mediokere/status/2040910270642692589","1109849353269604352","mediokere"
"2040632418840031503","2026-04-05T03:27:36.000Z","988","Kok baru ributin IGRS sekarang? https://t.co/NdhxwBO7N0","2040632418840031503","https://pbs.twimg.com/media/HFHIXAZaMAAUvqF.jpg","","in","","32","141","44","https://x.com/MangAgus_10/status/2040632418840031503","1669317272845045763","MangAgus_10"
"2040787568351195349","2026-04-05T13:44:06.000Z","3","gim gw tuh😹","2040787568351195349","","","in","","0","0","1","https://x.com/narenzz_/status/2040787568351195349","1045445101311258626","narenzz_"
"2040927655911129443","2026-04-05T23:00:46.000Z","2","IDIH GOBLOG RATING SAMPAH disingkat IGRS 
adalah pembuangan anggaran yang sampahnya Dibawah Embege.

Padahal kita tinggal ngikutin standar ESRB tapi sok sok an bikin rating sendiri, KITA NEGERA YANG GA SETARA INDIA, CINA DLL TAPI sok sok an buat system seperti negara maju.","2040927655911129443","","","in","","0","1","0","https://x.com/NavriW/status/2040927655911129443","1525040613716279297","NavriW"
"2040494659814993991","2026-04-05T10:23:59.000Z","8","@wmusou @kemkomdigi paling ntar kedepannya ada kasus korupsi igrs seperti kasus korupsi game rating di korea.","2040737207317852509","","wmusou","in","","0","0","1","https://x.com/Rafi09210/status/2040737207317852509","1907800778435440640","Rafi09210"
"2040640186678468638","2026-04-05T03:58:28.000Z","26","IGRS mantab banget jadi makin cinta pemerintah (negara luar). HIIDUP ASINGGG!!","2040640186678468638","","","in","","0","1","5","https://x.com/Raibrarian/status/2040640186678468638","934804831180537856","Raibrarian"
"2040850933521998280","2026-04-05T17:55:54.000Z","1","I'm buying a game rated 3+ by IGRS","2040850933521998280","","","en","","1","0","0","https://x.com/stelleturu/status/2040850933521998280","1690190530762653696","stelleturu"
"2040666389942521963","2026-04-05T05:42:35.000Z","2","Game2 yang dianggap bener sama pemerentah cuma ‘game’ jud0l sama game ‘esport’ alias game2 moba","2040666389942521963","","","in","","0","0","0","https://x.com/nueneko_/status/2040666389942521963","1574750193190199296","nueneko_"
"2040619090038194329","2026-04-05T09:25:44.000Z","1","@kerissakti IGRS = Idiot Game Rating System
@pusatkomdigi Komdongo isinya boomer gaptek, kenapa malah bikin aturan konyol yang matiin industri game coeg...","2040722544878358811","","kerissakti","in","","0","0","1","https://x.com/Nicocin91/status/2040722544878358811","1911624283052199936","Nicocin91"
"2040593488350515441","2026-04-05T03:52:55.000Z","10","@kemkomdigi Fix your goddamn IGRS system https://t.co/wOTIcltnvV","2040638791002853719","https://pbs.twimg.com/media/HFHOKa6agAAn6DJ.jpg","kemkomdigi","en","","0","0","0","https://x.com/AndreJR1310/status/2040638791002853719","1693134414031798273","AndreJR1310"
"2040599455276355602","2026-04-05T01:16:37.000Z","3262","IGRS https://t.co/Rw2HdnvJWY","2040599455276355602","https://pbs.twimg.com/ext_tw_video_thumb/2040599437786202112/pu/img/HZ84A_0jKZAv_X5B.jpg","","sl","","7","23","890","https://x.com/RadenVX/status/2040599455276355602","1001314350588555265","RadenVX"
"2040724651886924235","2026-04-05T09:35:18.000Z","47","@ArjunaArkana Di Jagat Maya IGRS nya gimana Jun? Bener ga tuh nyortirnya","2040724953759469977","","ArjunaArkana","in","","0","0","0","https://x.com/IraHidayati4849/status/2040724953759469977","1326052208698253312","IraHidayati4849"
"2040733804860694839","2026-04-05T10:10:28.000Z","2983","breaking my monthly tweet quota because of this igrs slop bullshit","2040733804860694839","","","en","","7","13","399","https://x.com/wordfangs/status/2040733804860694839","185639687","wordfangs"
"2040006120740430078","2026-04-04T19:18:20.000Z","211","@kemkomdigi Apus IGRS. Ga usa performative gitu lah sok-sokan kerja.","2040509291355132145","","kemkomdigi","in","","0","0","6","https://x.com/blurkaebi/status/2040509291355132145","1064583348478038017","blurkaebi"
"2040615304041308656","2026-04-05T02:19:36.000Z","442","Klasifikasi IGRS yang terkesan asal. https://t.co/2GnKlM36hB","2040615308013207925","https://pbs.twimg.com/media/HFG3GY-bYAABLnT.jpg","DirektoriGim","in","","8","1","130","https://x.com/DirektoriGim/status/2040615308013207925","1789718041904943104","DirektoriGim"
"2040645711650509022","2026-04-05T06:48:43.000Z","17","@rayrestufauzi IGRS
Indonesia Gran Rabid Supporters","2040683030713712952","","rayrestufauzi","in","","0","1","0","https://x.com/slavoury/status/2040683030713712952","583699057","slavoury"
"2040626535045222814","2026-04-05T03:04:13.000Z","2","Sekali lagi cuma orang tolol yang bilang kalo gim gak ada sangkut pautnya dengan politik 🫵🏻🤣, awas aja kalo gamer gamer ini masih milih prabowo / gibran di 2029","2040626535045222814","","","in","","0","0","0","https://x.com/EuisKoffier/status/2040626535045222814","1570444882136936448","EuisKoffier"
"2040866603336970413","2026-04-05T19:32:15.000Z","6","@mhuseinali database dari igrs nya aja yang ga beres wkwkw🤣","2040875182626357489","","mhuseinali","in","","0","0","1","https://x.com/Config58/status/2040875182626357489","1692110306594738176","Config58"
"2040761738715713572","2026-04-05T21:17:01.000Z","8","@PlaymenID Tadi komunitas genshin Ama zzz udah mulai tau juga Ama masalah igrs ini https://t.co/ZE0M5BPNim
https://t.co/B1cjUtaOrr","2040901548017111161","","PlaymenID","in","","0","0","0","https://x.com/ckfoakas/status/2040901548017111161","1527538063060398080","ckfoakas"
"2040638267037725112","2026-04-05T03:50:50.000Z","1185","Kemdodigi ga mikir apa, kalo game game bagus banyak di blokir dari Indonesia gara gara rating ngawurnya, kerugian pajak lumayan banget.

Kaya, Clair Obscur seharga 500 ribu tuh pajaknya 11% sendiri alias 50 ribu lebih buat pemerintah. Dikali berapa banyak orang yang beli, minimal","2040638267037725112","","","in","","19","31","373","https://x.com/alsjournall/status/2040638267037725112","743570501470085120","alsjournall"
"2040593488350515441","2026-04-05T13:55:06.000Z","2","@kemkomdigi Kepada yang terhina Komdongo di tempat, kata gw mending stop itu IGRS tolol ga jelas. Kasih rating umur ya kasih rating umur aja, ga usah goblok pake kontrol distribusinya juga.

Ga becus kerja lu pada. Goblok bgt bangsat bikin emosi.","2040790336667263414","","kemkomdigi","in","","0","0","0","https://x.com/rpr_zero2/status/2040790336667263414","1355903781213364234","rpr_zero2"
"2040683605555560864","2026-04-05T06:51:00.000Z","13","Pemerintah kalau mau goblok jangan ajak-ajak masyarakatnya. Gaminat sama sistem resese tua yang otaknya udah mundur. 🖕","2040683605555560864","","","in","","0","3","2","https://x.com/Sasha_Belva/status/2040683605555560864","1777404187665723392","Sasha_Belva"
"2040615304041308656","2026-04-05T09:05:07.000Z","3","@ArlingDarm10402 @DirektoriGim Self declare ?
Ada satu contoh. Sebelum ada IGRS pihak steam, publisher, developer game dewasa udah jelas kasih rating game yg di buat developer ini untuk dewasa. Lalu ada IGRS tiba-tiba 3+  dan malah nyalahin mereka??¿¿","2040717357421834557","","ArlingDarm10402","in","","0","0","0","https://x.com/Ferral13480578/status/2040717357421834557","1111588875263049728","Ferral13480578"
"2040463227902124480","2026-04-05T14:56:53.000Z","13","@PHN316 Sekilas lihat akun sosmed IGRS isinya, 'resiko adiksi game pada anak', 'anak susah lepas dari gim', dan 'si kecil sibuk sama layar sendiri'. Sepertinya program ini dibuat oleh tim yang membenci game dan memang memiliki bias negatif.","2040805882808922290","","PHN316","in","","0","1","0","https://x.com/mpandu_nky/status/2040805882808922290","51931960","mpandu_nky"
"2040718966868611290","2026-04-05T09:11:31.000Z","1267","Semoga IGRS diperbaiki, atau kalau gak mampu, dibatalkan saja. https://t.co/0fTxj0x88i","2040718966868611290","https://pbs.twimg.com/media/HFIXFE-bgAALvXd.jpg","","in","","12","45","270","https://x.com/WisnuKumoro/status/2040718966868611290","37631218","WisnuKumoro"
"2040704635128943030","2026-04-05T08:14:34.000Z","1774","Wokwowk kacauu. Menurut keyakinan saya, ini sumber masalahnya:

&gt; ""Saat ini informasi rating masih berasal dari mekanisme internal self-declare""

Berarti mereka dapetin data klasifikasi rating dari steam (self-declare), trus sama orang internal diklasifikasi sendiri entah pake AI","2040704635128943030","","","in","","13","42","599","https://x.com/mhuseinali/status/2040704635128943030","177760518","mhuseinali"
"2040841050538045941","2026-04-05T17:16:38.000Z","1","fucked up your own system amd blaming someone else for it???? what a fucking joke","2040841050538045941","","","en","","0","0","0","https://x.com/allze1neternity/status/2040841050538045941","1882628131988938752","allze1neternity"
"2040709091329540406","2026-04-05T08:32:16.000Z","1","Heartopia kena igrs 18+ WKWLWLDKELAHDKCN “kekerasan” https://t.co/vXCDPSVu3p","2040709091329540406","https://pbs.twimg.com/media/HFIOGcjaIAAM5q0.jpg","","in","","0","0","0","https://x.com/onorhcnoivilbo/status/2040709091329540406","131435199","onorhcnoivilbo"
"2040806971956453682","2026-04-05T15:01:13.000Z","2","IGRS (Indonesia Gooners Rating System)","2040806971956453682","","","in","","0","0","0","https://x.com/dadarjiwoo/status/2040806971956453682","1554333912612356096","dadarjiwoo"
"2040612509405819140","2026-04-05T02:08:29.000Z","3564","Kemenkomdigi
pas liat game:
Wah industri besar, kita harus terlibat, indonesia jgn cm jadi pasar

Pas bikin IGRS: 
fgd fgd fgd, harus melindungi generasi emas

Pas beneran ngerating:
Hah ini game bnyk baget, harus dicek satu2. Oh horor, dewasa!
Oh gambarnya unyu, buat bocah ni!","2040612509405819140","","","in","","15","23","761","https://x.com/mosmarth/status/2040612509405819140","36053518","mosmarth"
"2040671816306544880","2026-04-05T06:04:09.000Z","6","Tukang bubur masuk komplek...","2040671816306544880","","","in","","0","1","4","https://x.com/radixhidayat/status/2040671816306544880","16296282","radixhidayat"
"2040475447138632140","2026-04-05T04:58:32.000Z","78","@PHN316 Sebuah perbedaan yg terlihat. ESRB sendiri aja organisasi mandiri berbeda banget dengan IGRS yg pasti buatan Komdigi yg mana diisi para pemangku jabatan yg boomer","2040655301192642764","","PHN316","in","","0","1","3","https://x.com/FrustRayhan/status/2040655301192642764","1093123825208705031","FrustRayhan"
"2040619090038194329","2026-04-05T07:31:25.000Z","4","@uknonjones @kerissakti Thank you for the reply. While I questioned the current system at my country, I still want to understand more about this IGRS and comparing to other countries Rating system.","2040693776256303230","","uknonjones","en","","0","0","0","https://x.com/passing_nerd/status/2040693776256303230","97163715","passing_nerd"
"2040602278554648924","2026-04-05T01:27:50.000Z","514","My game favorite yang jadi korban IGRS dapet rating not for distribution

- Kingdom Come Deliverance 1 &amp; 2
- The Witcher 3
- Clair Obscur: Expedition 33
- GTA 5
- Skyrim
- Starfield

And somehow, RIMWORLD cuma dapet rating 18+? RIMWORLD? A literal war crime simulation game?

Red","2040602278554648924","","","en","","14","24","126","https://x.com/alsjournall/status/2040602278554648924","743570501470085120","alsjournall"
"2040696935389220865","2026-04-05T07:43:58.000Z","178","KALO BELOM SIAP JANGAN DIDEPLOY BANGSAT","2040696935389220865","","","in","","0","5","35","https://x.com/sugondese6666/status/2040696935389220865","1844618478797586436","sugondese6666"
"2040866603336970413","2026-04-05T18:58:10.000Z","4795","Saya yakin 100% user Steam lebih percaya Gaben daripada IGRS.

Steam terbukti bersikap etis selama puluhan tahun. Mau digoyang Epic aja gagal.

Narasi ini malah tambah blunder dan keliatan banget gak paham landscape gaming wk. Mending besok dimeetingin dulu bang PR responsenya.","2040866603336970413","","","in","","20","53","1604","https://x.com/mhuseinali/status/2040866603336970413","177760518","mhuseinali"
"2040605150474334546","2026-04-05T01:39:15.000Z","591","“Politic ga ngefek di gue” MY ASSS!

Udah sejak kapan gamer dihantui kebijakan bodoh? Juli 2022 Steam sempet diblokir, sekarang asal ngasih rating yang bisa bikin gamenya gabisa diakses di Indonesia.

Maunya apasih? Mau bikin gamer gabut terus menggulingkan orba?","2040605150474334546","","","in","","1","12","230","https://x.com/alsjournall/status/2040605150474334546","743570501470085120","alsjournall"
"2040757110951322044","2026-04-05T23:54:20.000Z","1","@kurawa IGRS itu ibarat orang sok asik yang mau nimbrung di sebuah komunitas yang sudah bertahun-tahun bahagia di bubblenya sendiri. Komdigi nganggur banget ya sampai komunitas kecil kaya gamers perlu direcokin? Judol pak sama Pinjol noh pak merenggut banyak nyawa rakyat kita.","2040941135695417531","","kurawa","in","","0","0","0","https://x.com/javafeedsss/status/2040941135695417531","1988540513843355648","javafeedsss"
"2040757450362487008","2026-04-05T11:44:26.000Z","8","Oh, and for those who choose to golput back then, this is also your fault btw. You were 20% of us.

Maybe if you voted, it could’ve been 44% and 36% against them, maybe even more if you actually choose someone and speak up about it to your parents or friends who might change","2040757450362487008","","","en","","0","0","2","https://x.com/alsjournall/status/2040757450362487008","743570501470085120","alsjournall"
"2040647297248444823","2026-04-05T05:54:43.000Z","116","@ElaineCelestia IGRS kontol.
Itu ngasih rating (umur) atau ngelarang kita jadi gamer.

Internet Indonesia kontol.
PPN 11% pun masih belum bisa meningkatkan kualitas internet Indonesia.

Sekalian aja, rakyat harus kirim fotokopi E-KTP agar bisa bermain game. https://t.co/Ez44DxC27H","2040669442418585679","https://pbs.twimg.com/media/HFHqCCaa4AA241E.jpg","ElaineCelestia","in","","0","0","10","https://x.com/indrastatareo99/status/2040669442418585679","1946534207653900288","indrastatareo99"
"2040657211538690063","2026-04-05T07:32:00.000Z","5","@agikun Komdigi &amp; orang-orang IGRS pas meeting: https://t.co/OvxGkb5DTi","2040693924919177473","https://pbs.twimg.com/media/HFIAEBBagAAnRYf.jpg","agikun","in","","0","0","1","https://x.com/ArieruArthurr/status/2040693924919177473","1141683757256077312","ArieruArthurr"
"2040809360100859926","2026-04-05T15:10:42.000Z","2","Penjelasan IGRS dengan bahasa bayi biar pada paham kenapa politik bisa mengganggu kehidupan lo padahal lo gapernah peduli politik dan cuma peduli sama game.

Next election. Jangan biarin paslon jelek menang lagi. https://t.co/BYSO809xUm","2040809360100859926","https://pbs.twimg.com/amplify_video_thumb/2040809109650563072/img/6NhvS9hjTGsQr4lg.jpg","","in","","0","1","0","https://x.com/neitee/status/2040809360100859926","55167470","neitee"
"2040765048277422145","2026-04-05T12:14:37.000Z","2","Eh anak ngentot gue doain elo, anak, dan bapak ibu lo yabg bikin ni peraturan, yang bikin ini postingab statement dan yang post ini di akun igrs, kena kanker stadium tiga, anaknya lahir cacat permanen, bapak ibunya homeless","2040765048277422145","","","in","","0","1","0","https://x.com/dunianichimanji/status/2040765048277422145","1686658921354952705","dunianichimanji"
"2040651595554386162","2026-04-05T04:43:48.000Z","10280","entah ini cuma negative thinking tapi pasti ada yang ngerasa ""untung ga hobi main game""

Hari ini game. Besok bisa jadi buku, musik, atau train of thought. Inget, tahun 1931 gubernur Hunan ngelarang Alice in Wonderland perkara hewan bisa ngomong sedang buat mereka hewan=protein.","2040651595554386162","","","in","","74","34","5108","https://x.com/nigripilosum/status/2040651595554386162","1345055321606115328","nigripilosum"
"2040702900364808607","2026-04-05T08:07:40.000Z","17","""Market kita gede"" itu dasar ngomongnya dari apasih, 280jt penduduk? 230jt pengguna internet? Yg punya konsol atau pc memadai aja berapa, itu baru yg punya, yg mampu beli game AAA pasti lebih rendah lagi. Market kecil aja belagu","2040702900364808607","","","in","","0","0","1","https://x.com/Zein_Asanagi/status/2040702900364808607","1184702956743974912","Zein_Asanagi"
"2040430780409876806","2026-04-05T05:38:20.000Z","6","@ranwaskobochan @magdaleneid lagi lagi komdongo, membungkam jurnalisme, kasih rating game IGRS ga ngotak, ngurusin judol ga becus.","2040665320265043976","","ranwaskobochan","in","","0","0","1","https://x.com/fredrichz/status/2040665320265043976","116752799","fredrichz"
"2040730989740339579","2026-04-05T11:25:36.000Z","5","@kerissakti Baiknya kalo sistem rating begini default nya ngikutin standar Eropa atau Amerika dulu ga sih? Baru misalkan ada yang ngajuin banding, tim IGRS ngeanalisa lagi untuk memberikan rating ulang.","2040752709868167596","","kerissakti","in","","0","0","0","https://x.com/yonathwin/status/2040752709868167596","111253796","yonathwin"
"2040682819605917967","2026-04-05T07:37:51.000Z","9","@SEAGamethetic So they blaming steam beacuse their under develop igrs sistem ??? This your law why the hell are asking other platform to look into it and not do it your self, batter question why tf even put it out even thought it so under develop ???","2040695396473954419","","SEAGamethetic","en","","0","0","0","https://x.com/MANA11111110/status/2040695396473954419","1343874070429933569","MANA11111110"
"2040794593135071554","2026-04-05T14:12:01.000Z","18","Komdongo tolol

Rating sistem steam sudah paling fineshyt 

Harusnya steam yang minta klarifikasi ke IGRS dalam cara sistem mereka declare rating setiap game bisa ngaco begitu - malah gaslight pihak steam.","2040794593135071554","","","in","","0","0","3","https://x.com/ShinadeVT/status/2040794593135071554","1482147685809283073","ShinadeVT"
"2040658678362366110","2026-04-05T05:11:57.000Z","106","Dasar IGRS ada di Peraturan Menteri Komunikasi dan Informatika Nomor 2 Tahun 2024 - Klasifikasi Gim. 

Perpres dan Permen ini alat yang powerful.

Tapi ibarat misil kapal yg powerful, kalau misilnya meledak di kapal sendiri bisa tenggelam kapalnya

https://t.co/Tif7An8Usr https://t.co/KyCChbfSHk","2040658678362366110","https://pbs.twimg.com/media/HFHeqhRa4AACw25.png","","in","","0","1","31","https://x.com/VRchama/status/2040658678362366110","1344642082699235329","VRchama"
"2040771533011046746","2026-04-05T12:40:23.000Z","34","Sebuah insight menarik tentang IGRS. 

Dulu katanya program ini bakal mengakomodasi perkembangan industri game lokal karena ""katanya"" diisi anak² muda. Eksekusinya?  arah gak jelas, menutup ruang ekspresi, dan sekali lagi, malah menghambat perkembangan industri game lokal https://t.co/nWKYJRxT9U","2040771533011046746","https://pbs.twimg.com/media/HFJG4vTa0AA7WxC.jpg","","in","","2","5","14","https://x.com/xenoshroomer/status/2040771533011046746","1792933098683826176","xenoshroomer"
"2040820522129518991","2026-04-05T15:55:03.000Z","7","Yoi. IGRS baru permulaan","2040820522129518991","","","in","","0","0","0","https://x.com/wekimiler/status/2040820522129518991","1433664896365830149","wekimiler"
"2040712366036574452","2026-04-05T08:45:17.000Z","1","Padahal udah bisa aktif ke Twitter lagi, tapi begitu liat IGRS ini langsung bad mood gw njir....","2040712366036574452","","","in","","0","0","0","https://x.com/TakumiTamas/status/2040712366036574452","1561311058186629120","TakumiTamas"
"2040684902866411853","2026-04-05T07:36:27.000Z","67","@RRDelusi Kita meminta klarifikasi resmi jika RC bakal diblokir arau tidak karena igrs sistemnya sebagai rating, bukan pemblokiran terhadap game yang tidak disukai oleh pemerintah... Game yang tidak memiliki rating sendiri harusnya tidak diblokir, tetapi disebut dalam ESRB sebagai RP","2040695042525024409","","RRDelusi","in","","0","0","3","https://x.com/nothingisputra/status/2040695042525024409","843796305994379264","nothingisputra"
"2040634922801746204","2026-04-05T03:37:33.000Z","3","Real krn Suzerain, Democracy 4, and Disco Elysium juga dapet tags ini https://t.co/RFB4BBYaf8","2040634922801746204","https://pbs.twimg.com/media/HFHKpT5awAAGMxI.jpg","","in","","0","1","0","https://x.com/Shinji__11/status/2040634922801746204","1283734056115400704","Shinji__11"
"2040543737261293855","2026-04-04T21:35:13.000Z","8318","IGRS gak becus

Bubar aja, blunder besar, keliatan kualitasnya, ngerating modal bot/ai dan ga human check

Di ketawain se internasional

Bukan ranahnya, nggak ngelibatin ahli dibidangnya al hasil duar kena backlash

Saran aja nih

PAKE RATING YANG UDAH ADA. 

Atau taro label only","2040543737261293855","","","in","","40","68","2973","https://x.com/ChouSenka/status/2040543737261293855","1674041203657166849","ChouSenka"
"2040563064261447919","2026-04-04T22:52:01.000Z","4321","❤️bayangin game sesantai heartopia aja ratenya segini karena IGRS 😭😭😭 https://t.co/TWODsAzgIw","2040563064261447919","https://pbs.twimg.com/media/HFGJSzAWcAA1L6I.jpg","","in","","307","76","521","https://x.com/heartopia_fess/status/2040563064261447919","2005454899673448448","heartopia_fess"
"2040687759913078860","2026-04-05T07:07:30.000Z","18","IGRS kontol","2040687759913078860","","","sl","","1","1","1","https://x.com/Claudio_sigit/status/2040687759913078860","1693160425","Claudio_sigit"
"2040686071454011543","2026-04-05T07:00:48.000Z","298","Gimana ceritanya game simulasi bertani dapat rating IGRS 18+ https://t.co/nqihkMk5Tc","2040686071454011543","https://pbs.twimg.com/media/HFH5KhibYAAsdLB.jpg","","in","","13","38","41","https://x.com/MangAgus_10/status/2040686071454011543","1669317272845045763","MangAgus_10"
"2040671435388293233","2026-04-05T07:01:53.000Z","7","@toshibatv_id @_AmandaBrownies ege ege ege, lu duluan nanya IGRS, lu juga yang patahin ke love 😭","2040686345035939968","","toshibatv_id","in","","0","1","0","https://x.com/pangsitkegigit/status/2040686345035939968","2027263316868145153","pangsitkegigit"
"2040677173032591862","2026-04-05T07:28:30.000Z","164","@mhuseinali jujur dari tadi pagi banyak seliweran soal IGRS dan akhirnya baru ngerti salahnya di mana.

sepakat sih kalau memang itu tujuannya untuk rating atau semacam label usia pengguna ya memang harus sekadar penanda, bukan untuk diblokir.

dikira gamers itu goblok kali, ya?","2040693044392182127","","mhuseinali","in","","0","1","9","https://x.com/dayatpiliang/status/2040693044392182127","1095195818926034944","dayatpiliang"
"2040477719029542921","2026-04-05T04:14:47.000Z","26","@oyasumi_wkshop And some eroge and furry games got IGRS 3+ rating","2040644293761859693","","oyasumi_wkshop","en","","0","2","2","https://x.com/AndreJR1310/status/2040644293761859693","1693134414031798273","AndreJR1310"
"2040621940050903185","2026-04-05T02:57:00.000Z","57","@jstwillians Sebenarnya aku gemes pingin bikin stream bahas kebijakan bodoh pemerintah, kayak @tilehopper.
Apalagi kasus IGRS ini menyangkut hajat hidup banyak developer dan gamer.","2040624719892979904","","jstwillians","in","","1","5","2","https://x.com/KalanaraDika/status/2040624719892979904","1915897056377638913","KalanaraDika"
"2040729949460725918","2026-04-05T09:55:09.000Z","855","R/indogamer turning into a conspiracy theorist in one night because of igrs","2040729949460725918","","","en","","1","4","108","https://x.com/KlobberGoober/status/2040729949460725918","1642564411356508160","KlobberGoober"
"2040619090038194329","2026-04-05T02:43:00.000Z","859","@kerissakti Idk why but this IGRS and the way they rate games are very Indonesia. The good ones get punished &amp; the bad ones get approved to exist. 

Stupid, corrupt, &amp; incompetence.","2040621194295316536","","kerissakti","en","","2","3","88","https://x.com/askDika/status/2040621194295316536","1060006480714186752","askDika"
"2040841639539941741","2026-04-05T17:18:58.000Z","1","The truth is, some millennials are as bad as boomers","2040841639539941741","","","en","","0","1","0","https://x.com/TatoTeito/status/2040841639539941741","1762401756267569152","TatoTeito"
"2040809858656854382","2026-04-05T15:12:41.000Z","1","Dua-duanya game judi padahal 🤣

Alias igrs gblok","2040809858656854382","","","in","","0","0","1","https://x.com/xinxqiiu/status/2040809858656854382","1585613926078636032","xinxqiiu"
"2040583827383615857","2026-04-05T00:14:31.000Z","13267","IGRS tolol
MBG tolol
BoP tolol
Gakkum tolol

Tolol semua","2040583827383615857","","","in","","47","92","4760","https://x.com/BudiBukanIntel/status/2040583827383615857","1794298849651212288","BudiBukanIntel"
"2040494522233499674","2026-04-04T18:19:39.000Z","4560","Gua sedang berpikir keras, mencari benang merah merah bahwa sebenarnya IGRS ini cuma pengalihan isu saja.

Tapi, gak bisa. Ini memang pure kegoblokan aja dari salah satu institusi yang kerjaannya selalu aneh bin ajaib. https://t.co/0jgcxmHIlG","2040494522233499674","https://pbs.twimg.com/media/HFFK8zzbAAAIopO.jpg","","in","","47","67","1861","https://x.com/ekawicaksana/status/2040494522233499674","195743412","ekawicaksana"
"2040912032317469071","2026-04-05T21:58:41.000Z","0","Malu maluin di kancah Internasional tololll beuudddd IGRS","2040912032317469071","","","in","","0","0","0","https://x.com/pajarsidik_/status/2040912032317469071","333245547","pajarsidik_"
"2040737448758808748","2026-04-05T10:24:57.000Z","279","Lah, malah Steam yang disuruh klarifikasi? 

Integrasi IGRS masih belum bener, verifikasi masih asal-asalan. Hasilnya rating ndak jelas nan bodoh dibuat.

Ujungnya selalu lempar bola panas ke pihak lain.

Definisi nyata lempar batu sembunyi gemoy.","2040737448758808748","","","in","","3","4","119","https://x.com/ekawicaksana/status/2040737448758808748","195743412","ekawicaksana"
"2040615304041308656","2026-04-05T06:41:21.000Z","9","@DirektoriGim Parameternya sdh jelas, ada di permenkominfo. Apakah sdh ditelusuri, kasus-kasus ini itu buah dari IGRS atau sistem self-rating Steam? 

Karena klo liat di website IGRS, belum ada rating utk game tsb.

""Seharusnya"" IGRS ini gk ada bedanya sama rating game lain kyk ESRB, PEGI, dsb","2040681179544990065","","DirektoriGim","in","","0","1","0","https://x.com/fareasy96/status/2040681179544990065","1236129966611263488","fareasy96"
"2040443737466405115","2026-04-04T14:57:51.000Z","5884","Per April 2026 ini, Valve sudah mengintegrasikan IGRS ke dalam Steam baik game lokal maupun internasional.

Tapi, seperti yg sudah kalian baca disini, sistem pembagian rating atau eksekusinya masih bermasalah, dan berikut yg bisa kami temukan sejauh ini 👇 https://t.co/2BhNZSGZif","2040443737466405115","https://pbs.twimg.com/media/HFETFSMa0AA2w7X.jpg","","in","","356","156","2123","https://x.com/mog_mediaa/status/2040443737466405115","1020980221955080193","mog_mediaa"
"2040730989740339579","2026-04-05T09:59:17.000Z","1384","Buat yg penasaran seperti apa formulir assessment content age rating di Steam, ini contoh dari developer The Chef’s Shift.

Dari form ini kemudian dinilai menurut peraturan system rating masing2 negara, contoh Brazil dan German memberikan rating 16 tahun sedangkan IGRS 18+ https://t.co/2KxSJ6uJr8","2040730989740339579","https://pbs.twimg.com/media/HFIiBBwa8AEE1_A.jpg","","in","","12","7","426","https://x.com/kerissakti/status/2040730989740339579","64586729","kerissakti"
"2040939559522091021","2026-04-05T23:48:04.000Z","7","IGRS looks like somthing useless coming out from trash org, such as Indonesian Govt","2040939559522091021","","","en","","0","0","2","https://x.com/SoundOfYogi/status/2040939559522091021","93882850","SoundOfYogi"
"2040614174095815111","2026-04-05T02:15:06.000Z","391","ini yg ksh rating IGRS tu pernah main game gaksi? genuine question. Ain't no shot mrk ngeliat upin ipin dan kasih ratingnya 18+ anjeng. Masih pagi ini, jangan bikin emosi plis banget. MASA UPIN IPIN 18+ TP GAME BOKEP 3+ YAAMPUN YG BENER AJA.","2040614174095815111","","","in","","2","3","73","https://x.com/nocielle_/status/2040614174095815111","1611394997630414853","nocielle_"
"2040941207430607085","2026-04-05T23:54:37.000Z","7","Stafsus kementrian pinter2, pendidikannya tinggi2. Tapi ngomong sesederhana ""Maaf akan kami benahi"" gak mampu.
IGRS konsepnya bagus, tapi akui saja kalau implementasinya belum sempurna. Gw pribadi lebih respect pemerintah yg mau mengakui, minta maaf, lalu memperbaiki.","2040941207430607085","","","in","","0","0","1","https://x.com/mas_ittou/status/2040941207430607085","2831421151","mas_ittou"
"2040468376821366984","2026-04-04T18:44:35.000Z","104","@SEAGamethetic ngl I still don't understand the logic behind building a new rating system when we literally have PEGI from EU &amp; UK, and ESRB from the US.

IGRS may sound like a good idea but shit is rushed as fuck, I've seen a literal porn game rated 3+","2040500797474209827","","SEAGamethetic","en","","0","4","18","https://x.com/ArieruArthurr/status/2040500797474209827","1141683757256077312","ArieruArthurr"
"2040607663848034623","2026-04-05T12:58:17.000Z","5","@radityaris @Mangroxian Harusnya cuman kasih rating dan tanpa ada pemalakan sama sekali idealnya.

Tuntut supaya IGRS lebih professional untuk seperti ini, jangan dibubarin begitu aja.","2040776036133323217","","radityaris","in","","0","2","1","https://x.com/Lord_Mudcrab95/status/2040776036133323217","85068203","Lord_Mudcrab95"
"2040938385255395838","2026-04-05T23:43:24.000Z","4","ada-ada aja orang nuduh Steam pake rating palsu, bodohnya keliatan banget itu. 

Rating standar industri dibilang rating palsu, trus IGRS apaan? rating game kok asal-asalan, game bokep lah 3+","2040938385255395838","","","in","","0","2","0","https://x.com/ArieruArthurr/status/2040938385255395838","1141683757256077312","ArieruArthurr"
"2040800353030213989","2026-04-05T14:34:55.000Z","191","Is my instagram glitching or they already removed this statement from their IG Story 👇👇👇","2040800353030213989","","","en","","1","8","25","https://x.com/ecommurz/status/2040800353030213989","1455851745142132741","ecommurz"
"2040866055888011723","2026-04-05T18:55:59.000Z","1","Yapping dikit tentang IGRS, ini gua ngerti banget tujuan nya apa tapi ayo lah. Yang gak bisa baca tuh bukan anak kalian tapi kalian ini ortu² yg gagal parenting tentang game.

Masa iya rating COD blar der dor darah dimana² rating 3+? Aneh banget ajg","2040866055888011723","","","in","","0","1","0","https://x.com/OxygenSunshinee/status/2040866055888011723","1081400287133294593","OxygenSunshinee"
"2040763715537326334","2026-04-05T12:09:19.000Z","8","Sedangkan ini rating untuk game PUBG Battleground.

Klarifikasinya sih bahwa rating saat ini belum sepenuhnya diverifikasi secara resmi dan masih berdasarkan “self-declare”

Hanya bisa terdiam 😶 https://t.co/89nkwkzCo8","2040763715537326334","https://pbs.twimg.com/media/HFI_x-ab0AA61bW.jpg","","in","","0","0","0","https://x.com/trakteerID/status/2040763715537326334","1121685998071455752","trakteerID"
"2040686793784443042","2026-04-05T07:21:04.000Z","68","@iPoopBased yang ngurusin igrs sebenarnya adalah alfreno kautsar ramadhan.
https://t.co/MWvMXRbL05","2040691171291537577","","iPoopBased","in","","3","9","7","https://x.com/Rafi09210/status/2040691171291537577","1907800778435440640","Rafi09210"
"2040900070741291406","2026-04-05T23:15:50.000Z","328","@wordfangs @Steam Turunin lawyer Valve buat class action lawsuit defamation ke IGRS biar bubar sekalian wkwk","2040931445863280983","","wordfangs","in","","0","0","13","https://x.com/Excyde_/status/2040931445863280983","1428145974392721411","Excyde_"
"2040860774349033554","2026-04-05T18:35:00.000Z","1","MANTAP 19JUTA LAPANGAN PEKERJAAN SEBAGAI BUZZER YANG DIKELUARKAN OLEH @kemkomdigi HAAHAHAHAHAHHAHAHAHAHSAHAHAH IGRS TAI","2040860774349033554","","","in","","0","1","1","https://x.com/amaruwaaa/status/2040860774349033554","1307007490161143808","amaruwaaa"
"2040909997157257424","2026-04-05T21:50:36.000Z","1","3+ IGRS Rating Be Like: https://t.co/sROvrB3Qr0","2040909997157257424","https://pbs.twimg.com/media/HFLEzQWaUAAI663.jpg","","en","","0","0","0","https://x.com/Rafi09210/status/2040909997157257424","1907800778435440640","Rafi09210"
"2040570460912676988","2026-04-05T13:54:01.000Z","3","@BK_Satellite Oh, iya. Tadi tuh orang lewat di timeline, ngetweet IGRS. Well, you know what the guy tweeted by this example.

Aku pilih ignore aja sih.

Lagipula cinta tanah air bukan berarti harus cinta sama pemerintah kan? In the end, they are just servants. Shtty servants, to be precise.","2040790060086485370","","BK_Satellite","in","","0","0","0","https://x.com/sripraba95/status/2040790060086485370","2215859544","sripraba95"
"2040770347692081624","2026-04-05T22:29:32.000Z","1","@alsjournall Iya, kemarin aku juga mikir gini karena kelihatannya IGRS ga punya sistem rating buat game yg harusnya ga ada rating semacam Rating Pending di sistem lain.

Jadi game yg belum isi bisa dapet 3+ biarpun isinya bermasalah","2040919794199974348","","alsjournall","in","","0","0","0","https://x.com/ShoNakanoVtuber/status/2040919794199974348","1307704762050068481","ShoNakanoVtuber"
"2040837477565595660","2026-04-05T17:14:35.000Z","14","@madeltangapung buzzer2 pukimay, mereka menyamakan rating steam yang dari dulu berjalan dengan lancar, dengan IGRS yang sistemnya sampah🤣🤣🤣

orang dari awal yang dipermasalhin sistemnya, bukan censorshipnya","2040840538384203864","","madeltangapung","in","","0","1","3","https://x.com/ChouSenka/status/2040840538384203864","1674041203657166849","ChouSenka"
"2040838732836958217","2026-04-05T17:07:25.000Z","4","Udah dibilang, kemarin pas penangkapan barbuknya malah komik miiko aja dah ketauan arahnya di mana. Sekarang malah IGRS bikin ulah, emang anjing aja satu rezim ini gila.","2040838732836958217","","","in","","0","2","0","https://x.com/boiebe/status/2040838732836958217","2485568305","boiebe"
"2040863387836653643","2026-04-05T18:45:23.000Z","17","This is very funny because basically all this fuck up is because of incompetence, not malice 🤣","2040863387836653643","","","en","","0","3","4","https://x.com/xathrya/status/2040863387836653643","324439645","xathrya"
"2040615745605054945","2026-04-05T02:21:21.000Z","41","Game-ku yang gak populer &amp; kekerasannya masih relatif ""kartun"", musuhnya cuma fadeout gak berdarah2
bisa masuk 18+ IGRS
https://t.co/gABHGRKkAN https://t.co/SVjOWGvHYK","2040615745605054945","https://pbs.twimg.com/media/HFG4QMQacAAO65T.jpg","","in","","1","2","7","https://x.com/siauwadhie/status/2040615745605054945","1963637995","siauwadhie"
"2040782884207010180","2026-04-05T14:03:02.000Z","3","@lazy21 Tidak, Steam justru melakukan harmonisasi dengan peraturan standard rating IGRS sesuai permintaan pemerintah Indonesia. Tapi standardnya IGRS aja yg waw","2040792330601676962","","lazy21","in","","0","0","0","https://x.com/kerissakti/status/2040792330601676962","64586729","kerissakti"
"2040636133407908215","2026-04-05T03:42:22.000Z","5","pernah ngurus client yang daftarin gamenya ke IGRS. gamenya tuh cuma game harmless santai kek candy crush, but somehow gamenya malah kena RC dan deskripsinya mengandung konten pornografi😂 https://t.co/Lm7eJDJVSG","2040636133407908215","https://pbs.twimg.com/media/HFHLlS3bUAAI7th.png","","in","","0","0","1","https://x.com/remiya_special/status/2040636133407908215","1677243614","remiya_special"
"2040504588441469018","2026-04-04T19:04:59.000Z","131","@GemaShowIndo Seseorang : ""Politik gak ngaruh, toh kita cari makan dan hdup sendiri""
Komdigi : ""Here IGRS""","2040505931415625815","","GemaShowIndo","in","","0","1","5","https://x.com/XxEscAltF4/status/2040505931415625815","1255000414031736834","XxEscAltF4"
"2040901834660045259","2026-04-05T21:18:10.000Z","10","Yah karena game itu juga kan aslinya bisa jadi alat propaganda seperti film juga.

Seperti game Concord yang ditarik karena terlalu banyak agenda ""Woke"" akhirnya ditolak user.

Nah kasus IGRS ini mengapa ditolak? Karena mereka ingin ratingnya ikut rating luar negri, bukan ikutan https://t.co/iYxr2ORpib","2040901834660045259","https://pbs.twimg.com/media/HFK9ZyFbwAAvVol.jpg","","in","","0","3","2","https://x.com/tekarok007/status/2040901834660045259","1184695438365974528","tekarok007"
